,date,Afghanistan_nan,Albania_nan,Algeria_nan,Andorra_nan,Angola_nan,Antigua and Barbuda_nan,Argentina_nan,Armenia_nan,Australia_Australian Capital Territory,Australia_From Diamond Princess,Australia_New South Wales,Australia_Northern Territory,Australia_Queensland,Australia_South Australia,Australia_Tasmania,Australia_Victoria,Australia_Western Australia,Austria_nan,Azerbaijan_nan,"Bahamas, The_nan",Bahrain_nan,Bangladesh_nan,Barbados_nan,Belarus_nan,Belgium_nan,Benin_nan,Bhutan_nan,Bolivia_nan,Bosnia and Herzegovina_nan,Brazil_nan,Brunei_nan,Bulgaria_nan,Burkina Faso_nan,Cabo Verde_nan,Cambodia_nan,Cameroon_nan,Canada_Alberta,Canada_British Columbia,Canada_Grand Princess,Canada_Manitoba,Canada_New Brunswick,Canada_Newfoundland and Labrador,Canada_Nova Scotia,Canada_Ontario,Canada_Prince Edward Island,Canada_Quebec,Canada_Saskatchewan,Central African Republic_nan,Chad_nan,Chile_nan,China_Anhui,China_Beijing,China_Chongqing,China_Fujian,China_Gansu,China_Guangdong,China_Guangxi,China_Guizhou,China_Hainan,China_Hebei,China_Heilongjiang,China_Henan,China_Hong Kong,China_Hubei,China_Hunan,China_Inner Mongolia,China_Jiangsu,China_Jiangxi,China_Jilin,China_Liaoning,China_Macau,China_Ningxia,China_Qinghai,China_Shaanxi,China_Shandong,China_Shanghai,China_Shanxi,China_Sichuan,China_Tianjin,China_Tibet,China_Xinjiang,China_Yunnan,China_Zhejiang,Colombia_nan,Congo (Brazzaville)_nan,Congo (Kinshasa)_nan,Costa Rica_nan,Cote d'Ivoire_nan,Croatia_nan,Cruise Ship_Diamond Princess,Cuba_nan,Cyprus_nan,Czechia_nan,Denmark_Denmark,Denmark_Faroe Islands,Denmark_Greenland,Djibouti_nan,Dominican Republic_nan,Ecuador_nan,Egypt_nan,El Salvador_nan,Equatorial Guinea_nan,Estonia_nan,Eswatini_nan,Ethiopia_nan,Fiji_nan,Finland_nan,France_France,France_French Guiana,France_French Polynesia,France_Guadeloupe,France_Mayotte,France_New Caledonia,France_Reunion,France_Saint Barthelemy,France_St Martin,Gabon_nan,"Gambia, The_nan",Georgia_nan,Germany_nan,Ghana_nan,Greece_nan,Guatemala_nan,Guinea_nan,Guyana_nan,Haiti_nan,Holy See_nan,Honduras_nan,Hungary_nan,Iceland_nan,India_nan,Indonesia_nan,Iran_nan,Iraq_nan,Ireland_nan,Israel_nan,Italy_nan,Jamaica_nan,Japan_nan,Jordan_nan,Kazakhstan_nan,Kenya_nan,"Korea, South_nan",Kosovo_nan,Kuwait_nan,Kyrgyzstan_nan,Latvia_nan,Lebanon_nan,Liberia_nan,Liechtenstein_nan,Lithuania_nan,Luxembourg_nan,Madagascar_nan,Malaysia_nan,Maldives_nan,Malta_nan,Martinique_nan,Mauritania_nan,Mauritius_nan,Mexico_nan,Moldova_nan,Monaco_nan,Mongolia_nan,Montenegro_nan,Morocco_nan,Namibia_nan,Nepal_nan,Netherlands_Aruba,Netherlands_Curacao,Netherlands_Netherlands,Netherlands_Sint Maarten,New Zealand_nan,Nicaragua_nan,Niger_nan,Nigeria_nan,North Macedonia_nan,Norway_nan,Oman_nan,Pakistan_nan,Panama_nan,Papua New Guinea_nan,Paraguay_nan,Peru_nan,Philippines_nan,Poland_nan,Portugal_nan,Qatar_nan,Romania_nan,Russia_nan,Rwanda_nan,Saint Lucia_nan,Saint Vincent and the Grenadines_nan,San Marino_nan,Saudi Arabia_nan,Senegal_nan,Serbia_nan,Seychelles_nan,Singapore_nan,Slovakia_nan,Slovenia_nan,Somalia_nan,South Africa_nan,Spain_nan,Sri Lanka_nan,Sudan_nan,Suriname_nan,Sweden_nan,Switzerland_nan,Taiwan*_nan,Tanzania_nan,Thailand_nan,Togo_nan,Trinidad and Tobago_nan,Tunisia_nan,Turkey_nan,Ukraine_nan,United Arab Emirates_nan,United Kingdom_Bermuda,United Kingdom_Cayman Islands,United Kingdom_Channel Islands,United Kingdom_Gibraltar,United Kingdom_Isle of Man,United Kingdom_Montserrat,United Kingdom_United Kingdom,"Unites States_Adams, IN",Unites States_Alabama,"Unites States_Alachua, FL","Unites States_Alameda County, CA",Unites States_Alaska,"Unites States_Anoka, MN","Unites States_Arapahoe, CO",Unites States_Arizona,Unites States_Arkansas,"Unites States_Arlington, VA","Unites States_Beadle, SD","Unites States_Bennington County, VT","Unites States_Bergen County, NJ","Unites States_Berkshire County, MA","Unites States_Bernalillo, NM","Unites States_Bon Homme, SD","Unites States_Boone, IN","Unites States_Broward County, FL","Unites States_Bucks, PA","Unites States_Burlington, NJ","Unites States_Calaveras, CA",Unites States_California,"Unites States_Camden, NC","Unites States_Camden, NJ","Unites States_Carver County, MN","Unites States_Charles Mix, SD","Unites States_Charleston County, SC","Unites States_Charlotte County, FL","Unites States_Charlton, GA","Unites States_Chatham County, NC","Unites States_Cherokee County, GA","Unites States_Clark County, NV","Unites States_Clark County, WA","Unites States_Cobb County, GA","Unites States_Collier, FL","Unites States_Collin County, TX",Unites States_Colorado,Unites States_Connecticut,"Unites States_Contra Costa County, CA","Unites States_Cook County, IL","Unites States_Cuyahoga, OH","Unites States_Dallas, TX","Unites States_Dane, WI","Unites States_Davidson County, TN","Unites States_Davis County, UT","Unites States_Davison, SD","Unites States_DeKalb, GA",Unites States_Delaware,"Unites States_Delaware County, PA","Unites States_Denver County, CO","Unites States_Deschutes, OR",Unites States_Diamond Princess,Unites States_District of Columbia,"Unites States_Douglas County, CO","Unites States_Douglas County, NE","Unites States_Douglas County, OR","Unites States_Eagle, CO","Unites States_El Paso County, CO","Unites States_Essex, MA","Unites States_Fairfax County, VA","Unites States_Fairfield, CT","Unites States_Fayette County, KY","Unites States_Fayette, GA",Unites States_Florida,"Unites States_Floyd, GA","Unites States_Fort Bend County, TX","Unites States_Fresno County, CA","Unites States_Fulton County, GA",Unites States_Georgia,"Unites States_Grafton County, NH",Unites States_Grand Princess,"Unites States_Grant County, WA","Unites States_Gregg, TX",Unites States_Guam,"Unites States_Gunnison, CO","Unites States_Gwinnett, GA","Unites States_Hanover, VA","Unites States_Harford County, MD","Unites States_Harris County, TX","Unites States_Harrison County, KY",Unites States_Hawaii,"Unites States_Hendricks County, IN","Unites States_Hillsborough, FL","Unites States_Honolulu County, HI","Unites States_Howard, IN","Unites States_Hudson County, NJ","Unites States_Humboldt County, CA",Unites States_Idaho,Unites States_Illinois,Unites States_Indiana,Unites States_Iowa,"Unites States_Island, WA","Unites States_Jackson County, OR ","Unites States_Jefferson County, KY","Unites States_Jefferson County, WA","Unites States_Jefferson Parish, LA","Unites States_Jefferson, CO","Unites States_Johnson County, IA","Unites States_Johnson County, KS","Unites States_Johnson, IN","Unites States_Kane, IL",Unites States_Kansas,Unites States_Kentucky,"Unites States_Kershaw County, SC","Unites States_King County, WA","Unites States_Kitsap, WA","Unites States_Kittitas County, WA","Unites States_Klamath County, OR","Unites States_Knox, NE","Unites States_Lake, IL","Unites States_Lancaster, SC","Unites States_Larimer, CO","Unites States_Lee County, FL","Unites States_Litchfield, CT","Unites States_Los Angeles, CA","Unites States_Loudoun, VA",Unites States_Louisiana,"Unites States_Madera County, CA",Unites States_Maine,"Unites States_Manatee County, FL","Unites States_Maricopa County, AZ","Unites States_Marin, CA","Unites States_Marion County, IN","Unites States_Marion County, OR",Unites States_Maryland,Unites States_Massachusetts,"Unites States_McHenry, IL",Unites States_Michigan,"Unites States_Middlesex County, MA","Unites States_Middlesex, NJ","Unites States_Minnehaha, SD",Unites States_Minnesota,Unites States_Mississippi,Unites States_Missouri,"Unites States_Monmouth, NJ","Unites States_Monroe, PA",Unites States_Montana,"Unites States_Montgomery County, MD","Unites States_Montgomery County, PA","Unites States_Montgomery, TX","Unites States_Multnomah, OR","Unites States_Napa, CA","Unites States_Nassau County, NY","Unites States_Nassau, FL",Unites States_Nebraska,Unites States_Nevada,"Unites States_New Castle, DE",Unites States_New Hampshire,Unites States_New Jersey,Unites States_New Mexico,Unites States_New York,"Unites States_New York County, NY","Unites States_Noble, IN","Unites States_Norfolk County, MA","Unites States_Norfolk, VA",Unites States_North Carolina,Unites States_North Dakota,"Unites States_Oakland, MI",Unites States_Ohio,"Unites States_Okaloosa County, FL",Unites States_Oklahoma,"Unites States_Olmsted, MN","Unites States_Orange County, CA",Unites States_Oregon,"Unites States_Orleans, LA","Unites States_Pasco, FL","Unites States_Passaic, NJ","Unites States_Pennington, SD",Unites States_Pennsylvania,"Unites States_Philadelphia, PA","Unites States_Pierce County, WA","Unites States_Pierce, WI","Unites States_Pima, AZ","Unites States_Pinal County, AZ","Unites States_Pinellas, FL","Unites States_Placer County, CA","Unites States_Polk County, GA","Unites States_Polk, OR","Unites States_Pottawattamie, IA","Unites States_Prince George's, MD","Unites States_Providence County, RI",Unites States_Puerto Rico,"Unites States_Ramsey County, MN",Unites States_Rhode Island,"Unites States_Riverside County, CA","Unites States_Rockingham County, NH","Unites States_Rockland County, NY","Unites States_Sacramento County, CA","Unites States_San Benito, CA","Unites States_San Diego County, CA","Unites States_San Francisco County, CA","Unites States_San Joaquin, CA","Unites States_San Mateo, CA","Unites States_Santa Clara County, CA","Unites States_Santa Cruz, CA","Unites States_Santa Rosa County, FL","Unites States_Saratoga County, NY","Unites States_Shasta County, CA","Unites States_Shelby County, TN","Unites States_Skagit, WA","Unites States_Snohomish County, WA","Unites States_Socorro, NM","Unites States_Solano, CA","Unites States_Sonoma County, CA",Unites States_South Carolina,Unites States_South Dakota,"Unites States_Spartanburg County, SC","Unites States_Spotsylvania, VA","Unites States_St. Joseph, IN","Unites States_St. Louis County, MO","Unites States_Stanislaus, CA","Unites States_Stark, OH","Unites States_Suffolk County, MA","Unites States_Suffolk County, NY","Unites States_Sullivan, TN","Unites States_Summit County, CO","Unites States_Summit, UT","Unites States_Tarrant, TX",Unites States_Tennessee,Unites States_Texas,"Unites States_Thurston, WA","Unites States_Tulsa County, OK","Unites States_Ulster County, NY","Unites States_Umatilla, OR","Unites States_Union, NJ",Unites States_Utah,"Unites States_Ventura, CA",Unites States_Vermont,Unites States_Virgin Islands,Unites States_Virginia,"Unites States_Volusia County, FL","Unites States_Wake County, NC",Unites States_Washington,"Unites States_Washington County, OR","Unites States_Washington, D.C.","Unites States_Washoe County, NV","Unites States_Wayne County, PA","Unites States_Wayne, MI","Unites States_Weber, UT",Unites States_West Virginia,"Unites States_Westchester County, NY","Unites States_Whatcom, WA","Unites States_Williamson County, TN",Unites States_Wisconsin,"Unites States_Worcester, MA",Unites States_Wyoming,"Unites States_Yolo County, CA",Uruguay_nan,Uzbekistan_nan,Venezuela_nan,Vietnam_nan,Zambia_nan,Zimbabwe_nan
0,2020-01-22,0,0,0,0,0,0,0,0,0,0,0,0,0,0,0,0,0,0,0,0,0,0,0,0,0,0,0,0,0,0,0,0,0,0,0,0,0,0,0,0,0,0,0,0,0,0,0,0,0,0,1,14,6,1,0,26,2,1,4,1,0,5,0,444,4,0,1,2,0,2,1,1,0,0,2,9,1,5,4,0,0,1,10,0,0,0,0,0,0,0,0,0,0,0,0,0,0,0,0,0,0,0,0,0,0,0,0,0,0,0,0,0,0,0,0,0,0,0,0,0,0,0,0,0,0,0,0,0,0,0,0,0,0,0,0,0,0,0,2,0,0,0,1,0,0,0,0,0,0,0,0,0,0,0,0,0,0,0,0,0,0,0,0,0,0,0,0,0,0,0,0,0,0,0,0,0,0,0,0,0,0,0,0,0,0,0,0,0,0,0,0,0,0,0,0,0,0,0,0,0,0,0,0,0,0,0,0,0,1,0,2,0,0,0,0,0,0,0,0,0,0,0,0,0,0,0,0,0,0,0,0,0,0,0,0,0,0,0,0,0,0,0,0,0,0,0,0,0,0,0,0,0,0,0,0,0,0,0,0,0,0,0,0,0,0,0,0,0,0,0,0,0,0,0,0,0,0,0,0,0,0,0,0,0,0,0,0,0,0,0,0,0,0,0,0,0,0,0,0,0,0,0,0,0,0,0,0,0,0,0,0,0,0,0,0,0,0,0,0,0,0,0,0,0,0,0,0,0,1,0,0,0,0,0,0,0,0,0,0,0,0,0,0,0,0,0,0,0,0,0,0,0,0,0,0,0,0,0,0,0,0,0,0,0,0,0,0,0,0,0,0,0,0,0,0,0,0,0,0,0,0,0,0,0,0,0,0,0,0,0,0,0,0,0,0,0,0,0,0,0,0,0,0,0,0,0,0,0,0,0,0,0,0,0,0,0,0,0,0,0,0,0,0,0,0,0,0,0,0,0,0,0,0,0,0,0,0,0,0,0,0,0,0,0,0,0,0,0,0,0,0,0,0,0,0,0,0,0,0,0,0,0,0,0,0,0,0,0,0,0,0,0,0,0,0,0,0
1,2020-01-23,0,0,0,0,0,0,0,0,0,0,0,0,0,0,0,0,0,0,0,0,0,0,0,0,0,0,0,0,0,0,0,0,0,0,0,0,0,0,0,0,0,0,0,0,0,0,0,0,0,0,9,22,9,5,2,32,5,3,5,1,2,5,2,444,9,0,5,7,1,3,2,1,0,3,6,16,1,8,4,0,2,2,27,0,0,0,0,0,0,0,0,0,0,0,0,0,0,0,0,0,0,0,0,0,0,0,0,0,0,0,0,0,0,0,0,0,0,0,0,0,0,0,0,0,0,0,0,0,0,0,0,0,0,0,0,0,0,0,1,0,0,0,1,0,0,0,0,0,0,0,0,0,0,0,0,0,0,0,0,0,0,0,0,0,0,0,0,0,0,0,0,0,0,0,0,0,0,0,0,0,0,0,0,0,0,0,0,0,0,0,0,0,0,0,0,0,0,1,0,0,0,0,0,0,0,0,0,0,1,0,3,0,0,0,0,0,0,0,0,0,0,0,0,0,0,0,0,0,0,0,0,0,0,0,0,0,0,0,0,0,0,0,0,0,0,0,0,0,0,0,0,0,0,0,0,0,0,0,0,0,0,0,0,0,0,0,0,0,0,0,0,0,0,0,0,0,0,0,0,0,0,0,0,0,0,0,0,0,0,0,0,0,0,0,0,0,0,0,0,0,0,0,0,0,0,0,0,0,0,0,0,0,0,0,0,0,0,0,0,0,0,0,0,0,0,0,0,0,1,0,0,0,0,0,0,0,0,0,0,0,0,0,0,0,0,0,0,0,0,0,0,0,0,0,0,0,0,0,0,0,0,0,0,0,0,0,0,0,0,0,0,0,0,0,0,0,0,0,0,0,0,0,0,0,0,0,0,0,0,0,0,0,0,0,0,0,0,0,0,0,0,0,0,0,0,0,0,0,0,0,0,0,0,0,0,0,0,0,0,0,0,0,0,0,0,0,0,0,0,0,0,0,0,0,0,0,0,0,0,0,0,0,0,0,0,0,0,0,0,0,0,0,0,0,0,0,0,0,0,0,0,0,0,0,0,0,0,0,0,0,0,0,0,0,2,0,0
2,2020-01-24,0,0,0,0,0,0,0,0,0,0,0,0,0,0,0,0,0,0,0,0,0,0,0,0,0,0,0,0,0,0,0,0,0,0,0,0,0,0,0,0,0,0,0,0,0,0,0,0,0,0,15,36,27,10,2,53,23,3,8,2,4,9,2,549,24,1,9,18,3,4,2,2,0,5,15,20,1,15,8,0,2,5,43,0,0,0,0,0,0,0,0,0,0,0,0,0,0,0,0,0,0,0,0,0,0,0,0,2,0,0,0,0,0,0,0,0,0,0,0,0,0,0,0,0,0,0,0,0,0,0,0,0,0,0,0,0,0,0,2,0,0,0,2,0,0,0,0,0,0,0,0,0,0,0,0,0,0,0,0,0,0,0,0,0,0,0,0,0,0,0,0,0,0,0,0,0,0,0,0,0,0,0,0,0,0,0,0,0,0,0,0,0,0,0,0,0,0,3,0,0,0,0,0,0,0,0,0,0,3,0,5,0,0,0,0,0,0,0,0,0,0,0,0,0,0,0,0,0,0,0,0,0,0,0,0,0,0,0,0,0,0,0,0,0,0,0,0,0,0,0,0,0,0,0,0,0,0,0,0,0,0,0,0,1,0,0,0,0,0,0,0,0,0,0,0,0,0,0,0,0,0,0,0,0,0,0,0,0,0,0,0,0,0,0,0,0,0,0,0,0,0,0,0,0,0,0,0,0,0,0,0,0,0,0,0,0,0,0,0,0,0,0,0,0,0,0,0,0,1,0,0,0,0,0,0,0,0,0,0,0,0,0,0,0,0,0,0,0,0,0,0,0,0,0,0,0,0,0,0,0,0,0,0,0,0,0,0,0,0,0,0,0,0,0,0,0,0,0,0,0,0,0,0,0,0,0,0,0,0,0,0,0,0,0,0,0,0,0,0,0,0,0,0,0,0,0,0,0,0,0,0,0,0,0,0,0,0,0,0,0,0,0,0,0,0,0,0,0,0,0,0,0,0,0,0,0,0,0,0,0,0,0,0,0,0,0,0,0,0,0,0,0,0,0,0,0,0,0,0,0,0,0,0,0,0,0,0,0,0,0,0,0,0,0,2,0,0
3,2020-01-25,0,0,0,0,0,0,0,0,0,0,0,0,0,0,0,0,0,0,0,0,0,0,0,0,0,0,0,0,0,0,0,0,0,0,0,0,0,0,0,0,0,0,0,0,0,0,0,0,0,0,39,41,57,18,4,78,23,4,19,8,9,32,5,761,43,7,18,18,4,17,2,3,1,15,27,33,6,28,10,0,3,11,62,0,0,0,0,0,0,0,0,0,0,0,0,0,0,0,0,0,0,0,0,0,0,0,0,3,0,0,0,0,0,0,0,0,0,0,0,0,0,0,0,0,0,0,0,0,0,0,0,0,0,0,0,0,0,0,2,0,0,0,2,0,0,0,0,0,0,0,0,0,0,3,0,0,0,0,0,0,0,0,0,0,0,0,1,0,0,0,0,0,0,0,0,0,0,0,0,0,0,0,0,0,0,0,0,0,0,0,0,0,0,0,0,0,0,3,0,0,0,0,0,0,0,0,0,0,3,0,7,0,0,0,0,0,0,0,0,0,0,0,0,0,0,0,0,0,0,0,0,0,0,0,0,0,0,0,0,0,0,0,0,0,0,0,0,0,0,0,0,0,0,0,0,0,0,0,0,0,0,0,0,1,0,0,0,0,0,0,0,0,0,0,0,0,0,0,0,0,0,0,0,0,0,0,0,0,0,0,0,0,0,0,0,0,0,0,0,0,0,0,0,0,0,0,0,0,0,0,0,0,0,0,0,0,0,0,0,0,0,0,0,0,0,0,0,0,1,0,0,0,0,0,0,0,0,0,0,0,0,0,0,0,0,0,0,0,0,0,0,0,0,0,0,0,0,0,0,0,0,0,0,0,0,0,0,0,0,0,0,0,0,0,0,0,0,0,0,0,0,0,0,0,0,0,0,0,0,0,0,0,0,0,0,0,0,0,0,0,0,0,0,0,0,0,0,0,0,0,0,0,0,0,0,0,0,0,0,0,0,0,0,0,0,0,0,0,0,0,0,0,0,0,0,0,0,0,0,0,0,0,0,0,0,0,0,0,0,0,0,0,0,0,0,0,0,0,0,0,0,0,0,0,0,0,0,0,0,0,0,0,0,0,2,0,0
4,2020-01-26,0,0,0,0,0,0,0,0,0,0,3,0,0,0,0,1,0,0,0,0,0,0,0,0,0,0,0,0,0,0,0,0,0,0,0,0,0,0,0,0,0,0,0,1,0,0,0,0,0,0,60,68,75,35,7,111,36,5,22,13,15,83,8,1058,69,7,33,36,4,21,5,4,1,22,46,40,9,44,14,0,4,16,104,0,0,0,0,0,0,0,0,0,0,0,0,0,0,0,0,0,0,0,0,0,0,0,0,3,0,0,0,0,0,0,0,0,0,0,0,0,0,0,0,0,0,0,0,0,0,0,0,0,0,0,0,0,0,0,4,0,0,0,3,0,0,0,0,0,0,0,0,0,0,4,0,0,0,0,0,0,0,0,0,0,0,0,1,0,0,0,0,0,0,0,0,0,0,0,0,0,0,0,0,0,0,0,0,0,0,0,0,0,0,0,0,0,0,4,0,0,0,0,0,0,0,0,0,0,4,0,8,0,0,0,0,0,0,0,0,0,0,0,0,0,0,0,0,0,0,0,0,0,0,0,0,0,0,0,0,0,0,0,0,0,0,0,0,0,0,0,0,0,0,0,0,0,0,0,0,0,0,0,0,1,0,0,0,0,0,0,0,0,0,0,0,0,0,0,0,0,0,0,0,0,0,0,0,0,0,0,0,0,0,0,0,0,0,0,0,0,0,0,0,0,0,0,0,0,0,0,0,0,0,0,0,0,0,0,0,0,0,0,0,0,0,0,0,0,1,0,0,0,0,0,0,0,0,0,1,0,0,0,0,0,1,0,0,0,0,0,0,0,0,0,0,0,0,0,0,0,0,0,0,0,0,0,0,0,0,0,0,0,0,0,0,0,0,0,0,0,0,0,0,0,0,0,1,0,0,0,0,0,0,0,0,0,0,0,0,0,0,0,0,0,0,0,0,0,0,0,0,0,0,0,0,0,0,0,0,0,0,0,0,0,0,0,0,0,0,0,0,0,0,0,0,0,0,0,0,0,0,0,0,0,0,0,0,0,0,0,0,0,0,0,0,0,0,0,0,0,0,0,0,0,0,0,0,0,0,0,0,0,0,0,2,0,0
5,2020-01-27,0,0,0,0,0,0,0,0,0,0,4,0,0,0,0,1,0,0,0,0,0,0,0,0,0,0,0,0,0,0,0,0,0,0,1,0,0,0,0,0,0,0,0,1,0,0,0,0,0,0,70,80,110,59,14,151,46,7,33,18,21,128,8,1423,100,11,47,72,6,27,6,7,6,35,75,53,13,69,23,0,5,26,128,0,0,0,0,0,0,0,0,0,0,0,0,0,0,0,0,0,0,0,0,0,0,0,0,3,0,0,0,0,0,0,0,0,0,0,0,1,0,0,0,0,0,0,0,0,0,0,0,0,0,0,0,0,0,0,4,0,0,0,4,0,0,0,0,0,0,0,0,0,0,4,0,0,0,0,0,0,0,0,0,0,0,0,1,0,0,0,0,0,0,0,0,0,0,0,0,0,0,0,0,0,0,0,0,0,0,0,0,0,0,0,0,0,0,5,0,0,0,0,0,1,0,0,0,0,5,0,8,0,0,0,0,0,0,0,0,0,0,0,0,0,0,0,0,0,0,0,0,0,0,0,0,0,0,0,0,0,0,0,0,0,0,0,0,0,0,0,0,0,0,0,0,0,0,0,0,0,0,0,0,1,0,0,0,0,0,0,0,0,0,0,0,0,0,0,0,0,0,0,0,0,0,0,0,0,0,0,0,0,0,0,0,0,0,0,0,0,0,0,0,0,0,0,0,0,0,0,0,0,0,0,0,0,0,0,0,0,0,0,0,0,0,0,0,0,1,0,0,0,0,0,0,0,0,0,1,0,0,0,0,0,1,0,0,0,0,0,0,0,0,0,0,0,0,0,0,0,0,0,0,0,0,0,0,0,0,0,0,0,0,0,0,0,0,0,0,0,0,0,0,0,0,0,1,0,0,0,0,0,0,0,0,0,0,0,0,0,0,0,0,0,0,0,0,0,0,0,0,0,0,0,0,0,0,0,0,0,0,0,0,0,0,0,0,0,0,0,0,0,0,0,0,0,0,0,0,0,0,0,0,0,0,0,0,0,0,0,0,0,0,0,0,0,0,0,0,0,0,0,0,0,0,0,0,0,0,0,0,0,0,0,2,0,0
6,2020-01-28,0,0,0,0,0,0,0,0,0,0,4,0,0,0,0,1,0,0,0,0,0,0,0,0,0,0,0,0,0,0,0,0,0,0,1,0,0,1,0,0,0,0,0,1,0,0,0,0,0,0,106,91,132,80,19,207,51,9,40,33,33,168,8,3554,143,15,70,109,8,34,7,11,6,46,95,66,27,90,24,0,10,44,173,0,0,0,0,0,0,0,0,0,0,0,0,0,0,0,0,0,0,0,0,0,0,0,0,4,0,0,0,0,0,0,0,0,0,0,0,4,0,0,0,0,0,0,0,0,0,0,0,0,0,0,0,0,0,0,7,0,0,0,4,0,0,0,0,0,0,0,0,0,0,4,0,0,0,0,0,0,0,0,0,0,0,0,1,0,0,0,0,0,0,0,0,0,0,0,0,0,0,0,0,0,0,0,0,0,0,0,0,0,0,0,0,0,0,7,0,0,0,0,0,1,0,0,0,0,8,0,14,0,0,0,0,0,0,0,0,0,0,0,0,0,0,0,0,0,0,0,0,0,0,0,0,0,0,0,0,0,0,0,0,0,0,0,0,0,0,0,0,0,0,0,0,0,0,0,0,0,0,0,0,1,0,0,0,0,0,0,0,0,0,0,0,0,0,0,0,0,0,0,0,0,0,0,0,0,0,0,0,0,0,0,0,0,0,0,0,0,0,0,0,0,0,0,0,0,0,0,0,0,0,0,0,0,0,0,0,0,0,0,0,0,0,0,0,0,1,0,0,0,0,0,0,0,0,0,1,0,0,0,0,0,1,0,0,0,0,0,0,0,0,0,0,0,0,0,0,0,0,0,0,0,0,0,0,0,0,0,0,0,0,0,0,0,0,0,0,0,0,0,0,0,0,0,1,0,0,0,0,0,0,0,0,0,0,0,0,0,0,0,0,0,0,0,0,0,0,0,0,0,0,0,0,0,0,0,0,0,0,0,0,0,0,0,0,0,0,0,0,0,0,0,0,0,0,0,0,0,0,0,0,0,0,0,0,0,0,0,0,0,0,0,0,0,0,0,0,0,0,0,0,0,0,0,0,0,0,0,0,0,0,0,2,0,0
7,2020-01-29,0,0,0,0,0,0,0,0,0,0,4,0,1,0,0,1,0,0,0,0,0,0,0,0,0,0,0,0,0,0,0,0,0,0,1,0,0,1,0,0,0,0,0,1,0,0,0,0,0,0,152,111,147,84,24,277,58,9,43,48,38,206,10,3554,221,16,99,109,9,39,7,12,6,56,130,96,27,108,27,0,13,55,296,0,0,0,0,0,0,0,0,0,0,0,0,0,0,0,0,0,0,0,0,0,0,0,1,5,0,0,0,0,0,0,0,0,0,0,0,4,0,0,0,0,0,0,0,0,0,0,0,0,0,0,0,0,0,0,7,0,0,0,4,0,0,0,0,0,0,0,0,0,0,7,0,0,0,0,0,0,0,0,0,0,0,0,1,0,0,0,0,0,0,0,0,0,0,0,0,0,0,0,0,0,0,0,0,0,0,0,0,0,0,0,0,0,0,7,0,0,0,0,0,1,0,0,0,0,8,0,14,0,0,0,0,0,4,0,0,0,0,0,0,0,0,0,0,0,0,0,0,0,0,0,0,0,0,0,0,0,0,0,0,0,0,0,0,0,0,0,0,0,0,0,0,0,0,0,0,0,0,0,0,1,0,0,0,0,0,0,0,0,0,0,0,0,0,0,0,0,0,0,0,0,0,0,0,0,0,0,0,0,0,0,0,0,0,0,0,0,0,0,0,0,0,0,0,0,0,0,0,0,0,0,0,0,0,0,0,0,0,0,0,0,0,0,0,0,1,0,0,0,0,0,0,0,0,0,1,0,0,0,0,0,1,0,0,0,0,0,0,0,0,0,0,0,0,0,0,0,0,0,0,0,0,0,0,0,0,0,0,0,0,0,0,0,0,0,0,0,0,0,0,0,0,0,1,0,0,0,0,0,0,0,0,0,0,0,0,0,0,0,0,0,0,0,0,0,0,0,0,0,0,0,0,0,0,0,0,0,0,0,0,0,0,0,0,0,0,0,0,0,0,0,0,0,0,0,0,0,0,0,0,0,0,0,0,0,0,0,0,0,0,0,0,0,0,0,0,0,0,0,0,0,0,0,0,0,0,0,0,0,0,0,2,0,0
8,2020-01-30,0,0,0,0,0,0,0,0,0,0,4,0,3,0,0,2,0,0,0,0,0,0,0,0,0,0,0,0,0,0,0,0,0,0,1,0,0,1,0,0,0,0,0,1,0,0,0,0,0,0,200,114,182,101,26,354,78,12,46,65,44,278,10,4903,277,19,129,162,14,41,7,17,8,63,158,112,35,142,31,1,14,70,428,0,0,0,0,0,0,0,0,0,0,0,0,0,0,0,0,0,0,0,0,0,0,0,1,5,0,0,0,0,0,0,0,0,0,0,0,4,0,0,0,0,0,0,0,0,0,0,1,0,0,0,0,0,0,0,11,0,0,0,4,0,0,0,0,0,0,0,0,0,0,8,0,0,0,0,0,0,0,0,0,0,0,0,1,0,0,0,0,0,0,0,0,0,0,0,0,0,0,0,0,1,0,0,0,0,0,0,0,0,0,0,0,0,0,10,0,0,0,0,0,1,0,0,0,0,9,0,14,0,0,0,0,0,4,0,0,0,0,0,0,0,0,0,0,0,0,0,0,0,0,0,0,0,0,0,0,0,0,0,0,0,0,0,0,0,0,0,0,0,0,0,0,0,0,0,0,0,0,0,0,1,0,0,0,0,0,0,0,0,0,0,0,0,0,0,0,0,0,0,0,0,0,0,0,0,0,0,0,0,0,0,0,0,0,0,0,0,0,0,0,0,0,0,0,0,0,0,0,0,0,0,0,0,0,0,0,0,0,0,0,0,0,0,0,0,1,0,0,0,0,0,0,0,0,0,1,0,0,0,0,0,1,0,0,0,0,0,0,0,0,0,0,0,0,0,0,0,0,0,0,0,0,0,0,0,0,0,0,0,0,0,0,0,0,0,0,0,0,0,0,0,0,0,1,0,0,0,0,0,0,0,0,0,0,0,0,0,0,0,0,0,0,0,0,0,0,0,0,0,0,0,0,0,0,0,0,0,0,0,0,0,0,0,0,0,0,0,0,0,0,0,0,0,0,0,0,0,0,0,0,0,0,0,0,0,0,0,0,0,0,0,0,0,0,0,0,0,0,0,0,0,0,0,0,0,0,0,0,0,0,0,2,0,0
9,2020-01-31,0,0,0,0,0,0,0,0,0,0,4,0,2,0,0,3,0,0,0,0,0,0,0,0,0,0,0,0,0,0,0,0,0,0,1,0,0,1,0,0,0,0,0,3,0,0,0,0,0,0,237,139,211,120,29,436,87,29,52,82,59,352,12,5806,332,20,168,240,14,48,7,21,8,87,184,135,39,177,32,1,17,83,538,0,0,0,0,0,0,0,0,0,0,0,0,0,0,0,0,0,0,0,0,0,0,0,1,5,0,0,0,0,0,0,0,0,0,0,0,5,0,0,0,0,0,0,0,0,0,0,1,0,0,0,0,0,2,0,15,0,0,0,11,0,0,0,0,0,0,0,0,0,0,8,0,0,0,0,0,0,0,0,0,0,0,0,1,0,0,0,0,0,0,0,0,0,0,0,0,0,0,0,0,1,0,0,0,0,2,0,0,0,0,0,0,0,0,13,0,0,0,0,0,1,0,0,1,0,10,0,19,0,0,0,0,0,4,0,0,0,0,0,0,2,0,0,0,0,0,0,0,0,0,0,0,0,0,0,0,0,0,0,0,0,0,0,0,0,0,0,0,0,0,0,0,0,0,0,0,0,0,0,0,2,0,0,0,0,0,0,0,0,0,0,0,0,0,0,0,0,0,0,0,0,0,0,0,0,0,0,0,0,0,0,0,0,0,0,0,0,0,0,0,0,0,0,0,0,0,0,0,0,0,0,0,0,0,0,0,0,0,0,0,0,0,0,0,0,1,0,0,0,0,0,0,0,0,0,1,0,0,0,0,0,1,0,0,0,0,0,0,0,0,0,0,0,0,0,0,0,0,0,0,0,0,0,0,0,0,0,0,0,0,0,0,0,0,0,0,0,0,0,0,0,0,0,1,0,0,0,0,0,0,0,0,0,0,0,0,0,0,0,0,0,0,0,0,0,0,0,0,0,0,0,0,0,0,1,0,0,0,0,0,0,0,0,0,0,0,0,0,0,0,0,0,0,0,0,0,0,0,0,0,0,0,0,0,0,0,0,0,0,0,0,0,0,0,0,0,0,0,0,0,0,0,0,0,0,0,0,0,0,0,0,2,0,0
10,2020-02-01,0,0,0,0,0,0,0,0,0,0,4,0,3,1,0,4,0,0,0,0,0,0,0,0,0,0,0,0,0,0,0,0,0,0,1,0,0,1,0,0,0,0,0,3,0,0,0,0,0,0,297,168,247,144,40,535,100,29,62,96,80,422,13,7153,389,23,202,286,17,64,7,26,9,101,206,169,47,207,41,1,18,93,599,0,0,0,0,0,0,0,0,0,0,0,0,0,0,0,0,0,0,0,0,0,0,0,1,6,0,0,0,0,0,0,0,0,0,0,0,8,0,0,0,0,0,0,0,0,0,0,1,0,0,0,0,0,2,0,20,0,0,0,12,0,0,0,0,0,0,0,0,0,0,8,0,0,0,0,0,0,0,0,0,0,0,0,1,0,0,0,0,0,0,0,0,0,0,0,0,0,0,0,0,1,0,0,0,0,2,0,0,0,0,0,0,0,0,16,0,0,0,0,1,1,0,0,1,0,10,0,19,0,0,0,0,0,4,0,0,0,0,0,0,2,0,0,0,0,0,0,0,0,0,0,0,0,0,0,0,0,0,0,0,0,0,0,0,0,0,0,0,0,0,0,0,0,0,0,0,0,0,0,0,2,0,0,0,0,0,0,0,0,0,0,0,0,0,0,0,0,0,0,0,0,0,0,0,0,0,0,0,0,0,0,0,0,0,0,0,0,0,0,0,0,0,0,0,0,0,0,0,0,0,0,0,0,0,0,0,0,0,0,0,0,0,0,0,0,1,0,0,0,0,0,0,0,0,0,1,0,0,0,0,0,1,0,0,0,0,0,0,0,0,0,0,0,0,0,0,0,0,0,0,0,0,0,0,0,0,0,0,0,0,0,0,0,0,0,0,0,0,0,0,0,0,0,1,0,0,0,0,0,0,0,0,0,0,0,0,0,0,0,0,0,0,0,0,0,0,0,0,0,0,0,0,0,0,1,0,0,0,0,0,0,0,0,0,0,0,0,0,0,0,0,0,0,1,0,0,0,0,0,0,0,0,0,0,0,0,0,0,0,0,0,0,0,0,0,0,0,0,0,0,0,0,0,0,0,0,0,0,0,0,0,6,0,0
11,2020-02-02,0,0,0,0,0,0,0,0,0,0,4,0,2,2,0,4,0,0,0,0,0,0,0,0,0,0,0,0,0,0,0,0,0,0,1,0,0,1,0,0,0,0,0,3,0,0,0,0,0,0,340,191,300,159,51,632,111,38,64,104,95,493,15,11177,463,27,236,333,23,70,8,28,11,116,230,182,66,231,48,1,21,105,661,0,0,0,0,0,0,0,0,0,0,0,0,0,0,0,0,0,0,0,0,0,0,0,1,6,0,0,0,0,0,0,0,0,0,0,0,10,0,0,0,0,0,0,0,0,0,0,2,0,0,0,0,0,2,0,20,0,0,0,15,0,0,0,0,0,0,0,0,0,0,8,0,0,0,0,0,0,0,0,0,0,0,0,1,0,0,0,0,0,0,0,0,0,0,0,0,0,0,0,0,2,0,0,0,0,2,0,0,0,0,0,0,0,0,18,0,0,0,0,1,1,0,0,1,0,10,0,19,0,0,0,0,0,5,0,0,0,0,0,0,2,0,0,0,0,0,0,0,0,0,0,0,0,0,0,0,0,0,0,0,0,0,0,0,0,0,0,0,0,0,0,0,0,0,0,0,0,0,0,0,2,0,0,0,0,0,0,0,0,0,0,0,0,0,0,0,0,0,0,0,0,0,0,0,0,0,0,0,0,0,0,0,0,0,0,0,0,0,0,0,0,0,0,0,0,0,0,0,0,0,0,0,0,0,0,0,0,0,0,0,0,0,0,0,0,1,0,0,0,0,0,0,0,0,0,1,0,0,0,0,0,1,0,0,0,0,0,0,0,0,0,0,0,0,0,0,0,0,0,0,0,0,0,0,0,0,0,0,0,0,0,0,0,0,0,0,0,0,0,0,0,0,0,1,0,0,0,0,0,0,0,0,0,0,0,0,0,0,0,0,0,0,0,0,0,0,0,0,0,0,0,0,0,0,1,0,0,0,0,0,0,0,0,0,0,0,0,0,0,0,0,0,0,1,0,0,0,0,0,0,0,0,0,0,0,0,0,0,0,0,0,0,0,0,0,0,0,0,0,0,0,0,0,0,0,0,0,0,0,0,0,6,0,0
12,2020-02-03,0,0,0,0,0,0,0,0,0,0,4,0,2,2,0,4,0,0,0,0,0,0,0,0,0,0,0,0,0,0,0,0,0,0,1,0,0,1,0,0,0,0,0,3,0,0,0,0,0,0,408,212,337,179,55,725,127,46,72,113,121,566,15,13522,521,34,271,391,31,74,8,31,13,128,259,203,74,254,60,1,24,117,724,0,0,0,0,0,0,0,0,0,0,0,0,0,0,0,0,0,0,0,0,0,0,0,1,6,0,0,0,0,0,0,0,0,0,0,0,12,0,0,0,0,0,0,0,0,0,0,3,0,0,0,0,0,2,0,20,0,0,0,15,0,0,0,0,0,0,0,0,0,0,8,0,0,0,0,0,0,0,0,0,0,0,0,1,0,0,0,0,0,0,0,0,0,0,0,0,0,0,0,0,2,0,0,0,0,2,0,0,0,0,0,0,0,0,18,0,0,0,0,1,1,0,0,1,0,10,0,19,0,0,0,0,0,5,0,0,0,0,0,0,2,0,0,0,0,0,0,0,0,0,0,0,0,0,0,0,0,0,0,0,0,0,0,0,0,0,0,0,0,0,0,0,0,0,0,0,0,0,0,0,2,0,0,0,0,0,0,0,0,0,0,0,0,0,0,0,0,0,0,0,0,0,0,0,0,0,0,0,0,0,0,0,0,0,0,0,0,0,0,0,0,0,0,0,0,0,0,0,0,0,0,0,0,0,0,0,0,0,0,0,0,0,0,0,0,1,0,0,0,0,0,0,0,0,0,1,0,0,0,0,0,1,0,0,0,0,0,0,0,0,0,0,0,0,0,0,0,0,0,0,0,0,0,0,0,0,0,0,0,0,0,0,0,0,0,0,0,0,0,0,0,0,0,1,0,0,0,0,0,0,0,0,0,0,0,0,0,0,0,0,0,0,0,0,0,0,0,0,0,2,0,0,0,0,2,0,0,0,0,0,0,0,0,0,0,0,0,0,0,0,0,0,0,1,0,0,0,0,0,0,0,0,0,0,0,0,0,0,0,0,0,0,0,0,0,0,0,0,0,0,0,0,0,0,0,0,0,0,0,0,0,8,0,0
13,2020-02-04,0,0,0,0,0,0,0,0,0,0,4,0,3,2,0,4,0,0,0,0,0,0,0,0,1,0,0,0,0,0,0,0,0,0,1,0,0,1,0,0,0,0,0,3,0,0,0,0,0,0,480,228,366,194,57,813,139,58,80,126,155,675,17,16678,593,35,308,476,42,81,10,34,15,142,275,219,81,282,67,1,29,122,829,0,0,0,0,0,0,0,0,0,0,0,0,0,0,0,0,0,0,0,0,0,0,0,1,6,0,0,0,0,0,0,0,0,0,0,0,12,0,0,0,0,0,0,0,0,0,0,3,0,0,0,0,0,2,0,22,0,0,0,16,0,0,0,0,0,0,0,0,0,0,10,0,0,0,0,0,0,0,0,0,0,0,0,1,0,0,0,0,0,0,0,0,0,0,0,0,0,0,0,0,2,0,0,0,0,2,0,0,0,0,0,0,0,0,24,0,0,0,0,1,1,0,0,1,0,11,0,25,0,0,0,0,0,5,0,0,0,0,0,0,2,0,0,0,0,0,0,0,0,0,0,0,0,0,0,0,0,0,0,0,0,0,0,0,0,0,0,0,0,0,0,0,0,0,0,0,0,0,0,0,2,0,0,0,0,0,0,0,0,0,0,0,0,0,0,0,0,0,0,0,0,0,0,0,0,0,0,0,0,0,0,0,0,0,0,0,0,0,0,0,0,0,0,0,0,0,0,0,0,0,0,0,0,0,0,0,0,0,0,0,0,0,0,0,0,1,0,0,0,0,0,0,0,0,0,1,0,0,0,0,0,1,0,0,0,0,0,0,0,0,0,0,0,0,0,0,0,0,0,0,0,0,0,0,0,0,0,0,0,0,0,0,0,0,0,0,0,0,0,0,0,0,0,1,0,0,0,0,0,0,0,0,0,0,0,0,0,0,0,0,0,0,0,0,0,0,0,0,0,2,0,0,0,0,2,0,0,0,0,0,0,0,0,0,0,0,0,0,0,0,0,0,0,1,0,0,0,0,0,0,0,0,0,0,0,0,0,0,0,0,0,0,0,0,0,0,0,0,0,0,0,0,0,0,0,0,0,0,0,0,0,8,0,0
14,2020-02-05,0,0,0,0,0,0,0,0,0,0,4,0,3,2,0,4,0,0,0,0,0,0,0,0,1,0,0,0,0,0,0,0,0,0,1,0,0,2,0,0,0,0,0,3,0,0,0,0,0,0,530,253,389,205,62,895,150,64,99,135,190,764,21,19665,661,42,341,548,54,89,10,34,17,165,307,243,81,301,69,1,32,128,895,0,0,0,0,0,0,0,0,0,0,0,0,0,0,0,0,0,0,0,0,0,0,0,1,6,0,0,0,0,0,0,0,0,0,0,0,12,0,0,0,0,0,0,0,0,0,0,3,0,0,0,0,0,2,0,22,0,0,0,19,0,0,0,0,0,0,0,0,0,0,12,0,0,0,0,0,0,0,0,0,0,0,0,1,0,0,0,0,0,0,0,0,0,0,0,0,0,0,0,0,2,0,0,0,0,2,0,0,0,0,0,0,0,0,28,0,0,0,0,1,1,0,0,1,0,11,0,25,0,0,0,0,0,5,0,0,0,0,0,0,2,0,0,0,0,0,0,0,0,0,0,0,0,0,0,0,0,0,0,0,0,0,0,0,0,0,0,0,0,0,0,0,0,0,0,0,0,0,0,0,2,0,0,0,0,0,0,0,0,0,0,0,0,0,0,0,0,0,0,0,0,0,0,0,0,0,0,0,0,0,0,0,0,0,0,0,0,0,0,0,0,0,0,0,0,0,0,0,0,0,0,0,0,0,0,0,0,0,0,0,0,0,0,0,0,1,0,0,0,0,0,0,0,0,0,1,0,0,0,0,0,1,0,0,0,0,0,0,0,0,0,0,0,0,0,0,0,0,0,0,0,0,0,0,0,0,0,0,0,0,0,0,0,0,0,0,0,0,0,0,0,0,0,1,0,0,0,0,0,0,0,0,0,0,0,0,0,0,0,0,0,0,0,0,0,0,0,0,0,2,0,0,0,0,2,0,0,0,0,0,0,0,0,0,0,0,0,0,0,0,0,0,0,1,0,0,0,0,0,0,0,0,0,0,0,0,0,0,0,0,0,0,0,0,0,0,0,0,0,0,0,0,0,0,0,0,0,0,0,0,0,8,0,0
15,2020-02-06,0,0,0,0,0,0,0,0,0,0,4,0,4,2,0,4,0,0,0,0,0,0,0,0,1,0,0,0,0,0,0,0,0,0,1,0,0,2,0,0,0,0,0,3,0,0,0,0,0,0,591,274,411,215,62,970,168,71,106,157,227,851,24,22112,711,46,373,600,59,94,10,40,18,173,347,257,96,321,79,1,36,133,954,0,0,0,0,0,0,0,0,0,0,0,0,0,0,0,0,0,0,0,0,0,0,0,1,6,0,0,0,0,0,0,0,0,0,0,0,12,0,0,0,0,0,0,0,0,0,0,3,0,0,0,0,0,2,0,45,0,0,0,23,0,0,0,0,0,0,0,0,0,0,12,0,0,0,0,0,0,0,0,0,0,0,0,1,0,0,0,0,0,0,0,0,0,0,0,0,0,0,0,0,2,0,0,0,0,2,0,0,0,0,0,0,0,0,28,0,0,0,0,1,1,0,0,1,0,16,0,25,0,0,0,0,0,5,0,0,0,0,0,0,2,0,0,0,0,0,0,0,0,0,0,0,0,0,0,0,0,0,0,0,0,0,0,0,0,0,0,0,0,0,0,0,0,0,0,0,0,0,0,0,2,0,0,0,0,0,0,0,0,0,0,0,0,0,0,0,0,0,0,0,0,0,0,0,0,0,0,0,0,0,0,0,0,0,0,0,0,0,0,0,0,0,0,0,0,0,0,0,0,0,0,0,0,0,0,0,0,0,0,0,0,0,0,0,0,1,0,0,0,0,0,0,0,0,0,1,0,0,0,0,0,1,0,0,0,0,0,0,0,0,0,0,0,0,0,0,0,0,0,0,0,0,0,0,0,0,0,0,0,0,0,0,0,0,0,0,0,0,0,0,0,0,0,1,0,0,0,0,0,0,0,0,0,0,0,0,0,0,0,0,0,0,0,0,0,0,0,0,0,2,0,0,0,0,2,0,0,0,0,0,0,0,0,0,0,0,0,0,0,0,0,0,0,1,0,0,0,0,0,0,0,0,0,0,0,0,0,0,0,0,0,0,0,0,0,0,0,0,0,0,0,0,0,0,0,0,0,0,0,0,0,10,0,0
16,2020-02-07,0,0,0,0,0,0,0,0,0,0,4,0,5,2,0,4,0,0,0,0,0,0,0,0,1,0,0,0,0,0,0,0,0,0,1,0,0,4,0,0,0,0,0,3,0,0,0,0,0,0,665,297,426,224,67,1034,172,81,117,172,277,914,25,24953,772,50,408,661,65,99,10,43,18,184,386,277,104,344,81,1,39,138,1006,0,0,0,0,0,0,61,0,0,0,0,0,0,0,0,0,0,0,0,0,0,0,0,1,6,0,0,0,0,0,0,0,0,0,0,0,13,0,0,0,0,0,0,0,0,0,0,3,0,0,0,0,0,3,0,25,0,0,0,24,0,0,0,0,0,0,0,0,0,0,12,0,0,0,0,0,0,0,0,0,0,0,0,1,0,0,0,0,0,0,0,0,0,0,0,0,0,0,0,0,3,0,0,0,0,2,0,0,0,0,0,0,0,0,30,0,0,0,0,1,1,0,0,1,0,16,0,25,0,0,0,0,0,5,0,0,0,0,0,0,3,0,0,0,0,0,0,0,0,0,0,0,0,0,0,0,0,0,0,0,0,0,0,0,0,0,0,0,0,0,0,0,0,0,0,0,0,0,0,0,2,0,0,0,0,0,0,0,0,0,0,0,0,0,0,0,0,0,0,0,0,0,0,0,0,0,0,0,0,0,0,0,0,0,0,0,0,0,0,0,0,0,0,0,0,0,0,0,0,0,0,0,0,0,0,0,0,0,0,0,0,0,0,0,0,1,0,0,0,0,0,0,0,0,0,1,0,0,0,0,0,1,0,0,0,0,0,0,0,0,0,0,0,0,0,0,0,0,0,0,0,0,0,0,0,0,0,0,0,0,0,0,0,0,0,0,0,0,0,0,0,0,0,1,0,0,0,0,0,0,0,0,0,0,0,0,0,0,0,0,0,0,0,0,0,0,0,0,0,2,0,0,0,0,2,0,0,0,0,0,0,0,0,0,0,0,0,0,0,0,0,0,0,1,0,0,0,0,0,0,0,0,0,0,0,0,0,0,0,0,0,0,0,0,0,0,0,0,0,0,0,0,0,0,0,0,0,0,0,0,0,10,0,0
17,2020-02-08,0,0,0,0,0,0,0,0,0,0,4,0,5,2,0,4,0,0,0,0,0,0,0,0,1,0,0,0,0,0,0,0,0,0,1,0,0,4,0,0,0,0,0,3,0,0,0,0,0,0,733,315,428,239,79,1095,183,89,124,195,295,981,26,27100,803,52,439,698,69,105,10,45,18,195,416,286,115,364,88,1,42,138,1048,0,0,0,0,0,0,61,0,0,0,0,0,0,0,0,0,0,0,0,0,0,0,0,1,11,0,0,0,0,0,0,0,0,0,0,0,13,0,0,0,0,0,0,0,0,0,0,3,0,0,0,0,0,3,0,25,0,0,0,24,0,0,0,0,0,0,0,0,0,0,16,0,0,0,0,0,0,0,0,0,0,0,0,1,0,0,0,0,0,0,0,0,0,0,0,0,0,0,0,0,3,0,0,0,0,2,0,0,0,0,0,0,0,0,33,0,0,0,0,1,1,0,0,1,0,17,0,32,0,0,0,0,0,7,0,0,0,0,0,0,3,0,0,0,0,0,0,0,0,0,0,0,0,0,0,0,0,0,0,0,0,0,0,0,0,0,0,0,0,0,0,0,0,0,0,0,0,0,0,0,2,0,0,0,0,0,0,0,0,0,0,0,0,0,0,0,0,0,0,0,0,0,0,0,0,0,0,0,0,0,0,0,0,0,0,0,0,0,0,0,0,0,0,0,0,0,0,0,0,0,0,0,0,0,0,0,0,0,0,0,0,0,0,0,0,1,0,0,0,0,0,0,0,0,0,1,0,0,0,0,0,1,0,0,0,0,0,0,0,0,0,0,0,0,0,0,0,0,0,0,0,0,0,0,0,0,0,0,0,0,0,0,0,0,0,0,0,0,0,0,0,0,0,1,0,0,0,0,0,0,0,0,0,0,0,0,0,0,0,0,0,0,0,0,0,0,0,0,0,2,0,0,0,0,2,0,0,0,0,0,0,0,0,0,0,0,0,0,0,0,0,0,0,1,0,0,0,0,0,0,0,0,0,0,0,0,0,0,0,0,0,0,0,0,0,0,0,0,0,0,0,0,0,0,0,0,0,0,0,0,0,13,0,0
18,2020-02-09,0,0,0,0,0,0,0,0,0,0,4,0,5,2,0,4,0,0,0,0,0,0,0,0,1,0,0,0,0,0,0,0,0,0,1,0,0,4,0,0,0,0,0,3,0,0,0,0,0,0,779,326,468,250,83,1131,195,99,131,206,307,1033,29,29631,838,54,468,740,78,107,10,45,18,208,444,293,119,386,91,1,45,141,1075,0,0,0,0,0,0,64,0,0,0,0,0,0,0,0,0,0,0,0,0,0,0,0,1,11,0,0,0,0,0,0,0,0,0,0,0,14,0,0,0,0,0,0,0,0,0,0,3,0,0,0,0,0,3,0,26,0,0,0,25,0,0,0,0,0,0,0,0,0,0,16,0,0,0,0,0,0,0,0,0,0,0,0,1,0,0,0,0,0,0,0,0,0,0,0,0,0,0,0,0,3,0,0,0,0,2,0,0,0,0,0,0,0,0,40,0,0,0,0,2,1,0,0,1,0,18,0,32,0,0,0,0,0,7,0,0,0,0,0,0,3,0,0,0,0,0,0,0,0,0,0,0,0,0,0,0,0,0,0,0,0,0,0,0,0,0,0,0,0,0,0,0,0,0,0,0,0,0,0,0,2,0,0,0,0,0,0,0,0,0,0,0,0,0,0,0,0,0,0,0,0,0,0,0,0,0,0,0,0,0,0,0,0,0,0,0,0,0,0,0,0,0,0,0,0,0,0,0,0,0,0,0,0,0,0,0,0,0,0,0,0,0,0,0,0,1,0,0,0,0,0,0,0,0,0,1,0,0,0,0,0,1,0,0,0,0,0,0,0,0,0,0,0,0,0,0,0,0,0,0,0,0,0,0,0,0,0,0,0,0,0,0,0,0,0,0,0,0,0,0,0,0,0,1,0,0,0,0,0,0,0,0,0,0,0,0,0,0,0,0,0,0,0,0,0,0,0,0,0,2,0,0,0,0,2,0,0,0,0,0,0,0,0,0,0,0,0,0,0,0,0,0,0,1,0,0,0,0,0,0,0,0,0,0,0,0,0,0,0,0,0,0,0,0,0,0,0,0,0,0,0,0,0,0,0,0,0,0,0,0,0,13,0,0
19,2020-02-10,0,0,0,0,0,0,0,0,0,0,4,0,5,2,0,4,0,0,0,0,0,0,0,0,1,0,0,0,0,0,0,0,0,0,1,0,0,4,0,0,0,0,0,3,0,0,0,0,0,0,830,337,486,261,83,1159,210,109,138,218,331,1073,38,31728,879,58,492,771,80,108,10,49,18,213,466,299,119,405,95,1,49,149,1092,0,0,0,0,0,0,135,0,0,0,0,0,0,0,0,0,0,0,0,0,0,0,0,1,11,0,0,0,0,0,0,0,0,0,0,0,14,0,0,0,0,0,0,0,0,0,0,3,0,0,0,0,0,3,0,26,0,0,0,27,0,0,0,0,0,0,0,0,0,0,18,0,0,0,0,0,0,0,0,0,0,0,0,1,0,0,0,0,0,0,0,0,0,0,0,0,0,0,0,0,3,0,0,0,0,2,0,0,0,0,0,0,0,0,45,0,0,0,0,2,1,0,0,1,0,18,0,32,0,0,0,0,0,8,0,0,0,0,0,0,8,0,0,0,0,0,0,0,0,0,0,0,0,0,0,0,0,0,0,0,0,0,0,0,0,0,0,0,0,0,0,0,0,0,0,0,0,0,0,0,2,0,0,0,0,0,0,0,0,0,0,0,0,0,0,0,0,0,0,0,0,0,0,0,0,0,0,0,0,0,0,0,0,0,0,0,0,0,0,0,0,0,0,0,0,0,0,0,0,0,0,0,0,0,0,0,0,0,0,0,0,0,0,0,0,1,0,0,0,0,0,0,0,0,0,1,0,0,0,0,0,1,0,0,0,0,0,0,0,0,0,0,0,0,0,0,0,0,0,0,0,0,0,0,0,0,0,0,0,0,0,0,0,0,0,0,0,0,0,0,0,0,0,1,0,0,0,0,0,0,0,0,0,0,0,0,0,0,0,0,0,0,0,0,0,0,0,0,0,2,0,0,0,0,2,0,0,0,0,0,0,0,0,0,0,0,0,0,0,0,0,0,0,1,0,0,0,0,0,0,0,0,0,0,0,0,0,0,0,0,0,0,0,0,0,0,0,0,0,0,0,0,0,0,0,0,0,0,0,0,0,14,0,0
20,2020-02-11,0,0,0,0,0,0,0,0,0,0,4,0,5,2,0,4,0,0,0,0,0,0,0,0,1,0,0,0,0,0,0,0,0,0,1,0,0,4,0,0,0,0,0,3,0,0,0,0,0,0,860,342,505,267,86,1177,215,127,144,239,360,1105,49,33366,912,58,515,804,81,111,10,53,18,219,487,303,124,417,106,1,55,153,1117,0,0,0,0,0,0,135,0,0,0,0,0,0,0,0,0,0,0,0,0,0,0,0,1,11,0,0,0,0,0,0,0,0,0,0,0,16,0,0,0,0,0,0,0,0,0,0,3,0,0,0,0,0,3,0,26,0,0,0,28,0,0,0,0,0,0,0,0,0,0,18,0,0,0,0,0,0,0,0,0,0,0,0,1,0,0,0,0,0,0,0,0,0,0,0,0,0,0,0,0,3,0,0,0,0,2,0,0,0,0,0,0,0,0,47,0,0,0,0,2,1,0,0,1,0,18,0,33,0,0,0,0,0,8,0,0,0,0,0,0,8,0,0,0,0,0,0,0,0,0,0,0,0,0,0,0,0,0,0,0,0,0,0,0,0,0,0,0,0,0,0,0,0,0,0,0,0,0,0,0,2,0,0,0,0,0,0,0,0,0,0,0,0,0,0,0,0,0,0,0,0,0,0,0,0,0,0,0,0,0,0,0,0,0,0,0,0,0,0,0,0,0,0,0,0,0,0,0,0,0,0,0,0,0,0,0,0,0,0,0,0,0,0,0,0,1,0,0,0,0,0,0,0,0,0,1,0,0,0,0,0,1,0,0,0,0,0,0,0,0,0,0,0,0,0,0,0,0,0,0,0,0,0,0,0,0,0,0,0,0,0,0,0,0,0,0,0,0,0,0,0,0,0,1,0,0,0,0,0,0,0,0,0,0,0,0,0,0,0,0,0,0,0,0,0,0,0,0,0,2,1,0,0,0,2,0,0,0,0,0,0,0,0,0,0,0,0,0,0,0,0,0,0,1,0,0,0,0,0,0,0,0,0,0,0,0,0,0,0,0,0,0,0,0,0,0,0,0,0,0,0,0,0,0,0,0,0,0,0,0,0,15,0,0
21,2020-02-12,0,0,0,0,0,0,0,0,0,0,4,0,5,2,0,4,0,0,0,0,0,0,0,0,1,0,0,0,0,0,0,0,0,0,1,0,0,4,0,0,0,0,0,3,0,0,0,0,0,0,889,352,518,272,87,1219,222,133,157,251,378,1135,50,33366,946,60,543,844,83,116,10,58,18,225,497,311,126,436,112,1,59,154,1131,0,0,0,0,0,0,175,0,0,0,0,0,0,0,0,0,0,0,0,0,0,0,0,1,11,0,0,0,0,0,0,0,0,0,0,0,16,0,0,0,0,0,0,0,0,0,0,3,0,0,0,0,0,3,0,28,0,0,0,28,0,0,0,0,0,0,0,0,0,0,18,0,0,0,0,0,0,0,0,0,0,0,0,1,0,0,0,0,0,0,0,0,0,0,0,0,0,0,0,0,3,0,0,0,0,2,0,0,0,0,0,0,0,0,50,0,0,0,0,2,1,0,0,1,0,18,0,33,0,0,0,0,0,8,0,0,0,0,0,0,9,0,0,0,0,0,0,0,0,0,0,0,0,0,0,0,0,0,0,0,0,0,0,0,0,0,0,0,0,0,0,0,0,0,0,0,0,0,0,0,2,0,0,0,0,0,0,0,0,0,0,0,0,0,0,0,0,0,0,0,0,0,0,0,0,0,0,0,0,0,0,0,0,0,0,0,0,0,0,0,0,0,0,0,0,0,0,0,0,0,0,0,0,0,0,0,0,0,0,0,0,0,0,0,0,1,0,0,0,0,0,0,0,0,0,1,0,0,0,0,0,1,0,0,0,0,0,0,0,0,0,0,0,0,0,0,0,0,0,0,0,0,0,0,0,0,0,0,0,0,0,0,0,0,0,0,0,0,0,0,0,0,0,1,0,0,0,0,0,0,0,0,0,0,0,0,0,0,0,0,0,0,0,0,0,0,0,0,0,2,1,0,0,0,2,0,0,0,0,0,0,0,0,0,0,0,0,0,0,0,0,0,0,1,0,0,0,0,0,0,0,0,0,0,0,0,0,0,0,0,0,0,0,0,0,0,0,0,0,0,0,0,0,0,0,0,0,0,0,0,0,15,0,0
22,2020-02-13,0,0,0,0,0,0,0,0,0,0,4,0,5,2,0,4,0,0,0,0,0,0,0,0,1,0,0,0,0,0,0,0,0,0,1,0,0,4,0,0,0,0,0,3,0,0,0,0,0,0,910,366,529,279,90,1241,222,135,157,265,395,1169,53,48206,968,61,570,872,84,117,10,64,18,229,509,315,126,451,119,1,63,156,1145,0,0,0,0,0,0,175,0,0,0,0,0,0,0,0,0,0,0,0,0,0,0,0,1,11,0,0,0,0,0,0,0,0,0,0,0,16,0,0,0,0,0,0,0,0,0,0,3,0,0,0,0,0,3,0,28,0,0,0,28,0,0,0,0,0,0,0,0,0,0,19,0,0,0,0,0,0,0,0,0,0,0,0,1,0,0,0,0,0,0,0,0,0,0,0,0,0,0,0,0,3,0,0,0,0,2,0,0,0,0,0,0,0,0,58,0,0,0,0,2,1,0,0,1,0,18,0,33,0,0,0,0,0,8,0,0,0,0,0,0,9,0,0,0,0,0,0,0,0,0,0,0,0,0,0,0,0,0,0,0,0,0,0,0,0,0,0,0,0,0,0,0,0,0,0,0,0,0,0,0,2,0,0,0,0,0,0,0,0,0,0,0,0,0,0,0,0,0,0,0,0,0,0,0,0,0,0,0,0,0,0,0,0,0,0,0,0,0,0,0,0,0,0,0,0,0,0,0,0,0,0,0,0,0,0,0,0,0,0,0,0,0,0,0,0,1,0,0,0,0,0,0,0,0,0,1,0,0,0,0,0,1,0,0,0,0,0,0,0,0,0,0,0,0,0,0,0,0,0,0,0,0,0,0,0,0,0,0,0,0,0,0,0,0,0,0,0,0,0,0,0,0,0,1,0,0,0,0,0,0,0,0,0,0,0,0,0,0,0,0,0,0,0,0,0,0,0,0,0,2,2,0,0,0,2,0,0,0,0,0,0,0,0,0,0,0,0,0,0,0,0,0,0,1,0,0,0,0,0,0,0,0,0,0,0,0,0,0,0,0,0,0,0,0,0,0,0,0,0,0,0,0,0,0,0,0,0,0,0,0,0,16,0,0
23,2020-02-14,0,0,0,0,0,0,0,0,0,0,4,0,5,2,0,4,0,0,0,0,0,0,0,0,1,0,0,0,0,0,0,0,0,0,1,0,0,4,0,0,0,0,0,3,0,0,0,0,0,0,934,372,537,281,90,1261,226,140,159,283,419,1184,56,54406,988,65,593,900,86,119,10,67,18,230,523,318,127,463,120,1,65,162,1155,0,0,0,0,0,0,218,0,0,0,0,0,0,0,0,0,1,0,0,0,0,0,0,1,11,0,0,0,0,0,0,0,0,0,0,0,16,0,0,0,0,0,0,0,0,0,0,3,0,0,0,0,0,3,0,29,0,0,0,28,0,0,0,0,0,0,0,0,0,0,19,0,0,0,0,0,0,0,0,0,0,0,0,1,0,0,0,0,0,0,0,0,0,0,0,0,0,0,0,0,3,0,0,0,0,2,0,0,0,0,0,0,0,0,67,0,0,0,0,2,1,0,0,1,0,18,0,33,0,0,0,0,0,8,0,0,0,0,0,0,9,0,0,0,0,0,0,0,0,0,0,0,0,0,0,0,0,0,0,0,0,0,0,0,0,0,0,0,0,0,0,0,0,0,0,0,0,0,0,0,2,0,0,0,0,0,0,0,0,0,0,0,0,0,0,0,0,0,0,0,0,0,0,0,0,0,0,0,0,0,0,0,0,0,0,0,0,0,0,0,0,0,0,0,0,0,0,0,0,0,0,0,0,0,0,0,0,0,0,0,0,0,0,0,0,1,0,0,0,0,0,0,0,0,0,1,0,0,0,0,0,1,0,0,0,0,0,0,0,0,0,0,0,0,0,0,0,0,0,0,0,0,0,0,0,0,0,0,0,0,0,0,0,0,0,0,0,0,0,0,0,0,0,1,0,0,0,0,0,0,0,0,0,0,0,0,0,0,0,0,0,0,0,0,0,0,0,0,0,2,2,0,0,0,2,0,0,0,0,0,0,0,0,0,0,0,0,0,0,0,0,0,0,1,0,0,0,0,0,0,0,0,0,0,0,0,0,0,0,0,0,0,0,0,0,0,0,0,0,0,0,0,0,0,0,0,0,0,0,0,0,16,0,0
24,2020-02-15,0,0,0,0,0,0,0,0,0,0,4,0,5,2,0,4,0,0,0,0,0,0,0,0,1,0,0,0,0,0,0,0,0,0,1,0,0,4,0,0,0,0,0,3,0,0,0,0,0,0,950,375,544,285,90,1294,235,143,162,291,425,1212,56,56249,1001,68,604,913,88,119,10,70,18,232,532,326,128,470,122,1,70,168,1162,0,0,0,0,0,0,285,0,0,0,0,0,0,0,0,0,1,0,0,0,0,0,0,1,12,0,0,0,0,0,0,0,0,0,0,0,16,0,0,0,0,0,0,0,0,0,0,3,0,0,0,0,0,3,0,43,0,0,0,28,0,0,0,0,0,0,0,0,0,0,22,0,0,0,0,0,0,0,0,0,0,0,0,1,0,0,0,0,0,0,0,0,0,0,0,0,0,0,0,0,3,0,0,0,0,2,0,0,0,0,0,0,0,0,72,0,0,0,0,2,1,0,0,1,0,18,0,33,0,0,0,0,0,8,0,0,0,0,0,0,9,0,0,0,0,0,0,0,0,0,0,0,0,0,0,0,0,0,0,0,0,0,0,0,0,0,0,0,0,0,0,0,0,0,0,0,0,0,0,0,2,0,0,0,0,0,0,0,0,0,0,0,0,0,0,0,0,0,0,0,0,0,0,0,0,0,0,0,0,0,0,0,0,0,0,0,0,0,0,0,0,0,0,0,0,0,0,0,0,0,0,0,0,0,0,0,0,0,0,0,0,0,0,0,0,1,0,0,0,0,0,0,0,0,0,1,0,0,0,0,0,1,0,0,0,0,0,0,0,0,0,0,0,0,0,0,0,0,0,0,0,0,0,0,0,0,0,0,0,0,0,0,0,0,0,0,0,0,0,0,0,0,0,1,0,0,0,0,0,0,0,0,0,0,0,0,0,0,0,0,0,0,0,0,0,0,0,0,0,2,2,0,0,0,2,0,0,0,0,0,0,0,0,0,0,0,0,0,0,0,0,0,0,1,0,0,0,0,0,0,0,0,0,0,0,0,0,0,0,0,0,0,0,0,0,0,0,0,0,0,0,0,0,0,0,0,0,0,0,0,0,16,0,0
25,2020-02-16,0,0,0,0,0,0,0,0,0,0,4,0,5,2,0,4,0,0,0,0,0,0,0,0,1,0,0,0,0,0,0,0,0,0,1,0,0,4,0,0,0,0,0,3,0,0,0,0,0,0,962,380,551,287,90,1316,237,144,162,300,445,1231,57,58182,1004,70,617,925,89,121,10,70,18,236,537,328,129,481,124,1,71,171,1167,0,0,0,0,0,0,355,0,0,0,0,0,0,0,0,0,1,0,0,0,0,0,0,1,12,0,0,0,0,0,0,0,0,0,0,0,16,0,0,0,0,0,0,0,0,0,0,3,0,0,0,0,0,3,0,59,0,0,0,29,0,0,0,0,0,0,0,0,0,0,22,0,0,0,0,0,0,0,0,0,0,0,0,1,0,0,0,0,0,0,0,0,0,0,0,0,0,0,0,0,3,0,0,0,0,2,0,0,0,0,0,0,0,0,75,0,0,0,0,2,1,0,0,1,0,20,0,34,0,0,0,0,0,9,0,0,0,0,0,0,9,0,0,0,0,0,0,0,0,0,0,0,0,0,0,0,0,0,0,0,0,0,0,0,0,0,0,0,0,0,0,0,0,0,0,0,0,0,0,0,2,0,0,0,0,0,0,0,0,0,0,0,0,0,0,0,0,0,0,0,0,0,0,0,0,0,0,0,0,0,0,0,0,0,0,0,0,0,0,0,0,0,0,0,0,0,0,0,0,0,0,0,0,0,0,0,0,0,0,0,0,0,0,0,0,1,0,0,0,0,0,0,0,0,0,1,0,0,0,0,0,1,0,0,0,0,0,0,0,0,0,0,0,0,0,0,0,0,0,0,0,0,0,0,0,0,0,0,0,0,0,0,0,0,0,0,0,0,0,0,0,0,0,1,0,0,0,0,0,0,0,0,0,0,0,0,0,0,0,0,0,0,0,0,0,0,0,0,0,2,2,0,0,0,2,0,0,0,0,0,0,0,0,0,0,0,0,0,0,0,0,0,0,1,0,0,0,0,0,0,0,0,0,0,0,0,0,0,0,0,0,0,0,0,0,0,0,0,0,0,0,0,0,0,0,0,0,0,0,0,0,16,0,0
26,2020-02-17,0,0,0,0,0,0,0,0,0,0,4,0,5,2,0,4,0,0,0,0,0,0,0,0,1,0,0,0,0,0,0,0,0,0,1,0,0,5,0,0,0,0,0,3,0,0,0,0,0,0,973,381,553,290,91,1322,238,146,163,301,457,1246,60,59989,1006,72,626,930,89,121,10,70,18,240,541,333,130,495,125,1,75,171,1171,0,0,0,0,0,0,454,0,0,0,0,0,0,0,0,0,1,0,0,0,0,0,0,1,12,0,0,0,0,0,0,0,0,0,0,0,16,0,0,0,0,0,0,0,0,0,0,3,0,0,0,0,0,3,0,66,0,0,0,30,0,0,0,0,0,0,0,0,0,0,22,0,0,0,0,0,0,0,0,0,0,0,0,1,0,0,0,0,0,0,0,0,0,0,0,0,0,0,0,0,3,0,0,0,0,2,0,0,0,0,0,0,0,0,77,0,0,0,0,2,1,0,0,1,0,22,0,35,0,0,0,0,0,9,0,0,0,0,0,0,9,0,0,0,0,0,0,0,0,0,0,0,0,0,0,0,0,0,0,0,0,0,0,0,0,0,0,0,0,0,0,0,0,0,0,0,0,0,0,0,2,0,0,0,0,0,0,0,0,0,0,0,0,0,0,0,0,0,0,0,0,0,0,0,0,0,0,0,0,0,0,0,0,0,0,0,0,0,0,0,0,0,0,0,0,0,0,0,0,0,0,0,0,0,0,0,0,0,0,0,0,0,0,0,0,1,0,0,0,0,0,0,0,0,0,1,0,0,0,0,0,1,0,0,0,0,0,0,0,0,0,0,0,0,0,0,0,0,0,0,0,0,0,0,0,0,0,0,0,0,0,0,0,0,0,0,0,0,0,0,0,0,0,1,0,0,0,0,0,0,0,0,0,0,0,0,0,0,0,0,0,0,0,0,0,0,0,0,0,2,2,0,0,0,2,0,0,0,0,0,0,0,0,0,0,0,0,0,0,0,0,0,0,1,0,0,0,0,0,0,0,0,0,0,0,0,0,0,0,0,0,0,0,0,0,0,0,0,0,0,0,0,0,0,0,0,0,0,0,0,0,16,0,0
27,2020-02-18,0,0,0,0,0,0,0,0,0,0,4,0,5,2,0,4,0,0,0,0,0,0,0,0,1,0,0,0,0,0,0,0,0,0,1,0,0,5,0,0,0,0,0,3,0,0,0,0,0,0,982,387,555,292,91,1328,242,146,163,306,464,1257,62,61682,1007,73,629,933,89,121,10,70,18,240,543,333,131,508,128,1,76,172,1172,0,0,0,0,0,0,542,0,0,0,0,0,0,0,0,0,1,0,0,0,0,0,0,1,12,0,0,0,0,0,0,0,0,0,0,0,16,0,0,0,0,0,0,0,0,0,0,3,0,0,0,0,0,3,0,74,0,0,0,31,0,0,0,0,0,0,0,0,0,0,22,0,0,0,0,0,0,0,0,0,0,0,0,1,0,0,0,0,0,0,0,0,0,0,0,0,0,0,0,0,3,0,0,0,0,2,0,0,0,0,0,0,0,0,81,0,0,0,0,2,1,0,0,1,0,22,0,35,0,0,0,0,0,9,0,0,0,0,0,0,9,0,0,0,0,0,0,0,0,0,0,0,0,0,0,0,0,0,0,0,0,0,0,0,0,0,0,0,0,0,0,0,0,0,0,0,0,0,0,0,2,0,0,0,0,0,0,0,0,0,0,0,0,0,0,0,0,0,0,0,0,0,0,0,0,0,0,0,0,0,0,0,0,0,0,0,0,0,0,0,0,0,0,0,0,0,0,0,0,0,0,0,0,0,0,0,0,0,0,0,0,0,0,0,0,1,0,0,0,0,0,0,0,0,0,1,0,0,0,0,0,1,0,0,0,0,0,0,0,0,0,0,0,0,0,0,0,0,0,0,0,0,0,0,0,0,0,0,0,0,0,0,0,0,0,0,0,0,0,0,0,0,0,1,0,0,0,0,0,0,0,0,0,0,0,0,0,0,0,0,0,0,0,0,0,0,0,0,0,2,2,0,0,0,2,0,0,0,0,0,0,0,0,0,0,0,0,0,0,0,0,0,0,1,0,0,0,0,0,0,0,0,0,0,0,0,0,0,0,0,0,0,0,0,0,0,0,0,0,0,0,0,0,0,0,0,0,0,0,0,0,16,0,0
28,2020-02-19,0,0,0,0,0,0,0,0,0,0,4,0,5,2,0,4,0,0,0,0,0,0,0,0,1,0,0,0,0,0,0,0,0,0,1,0,0,5,0,0,0,0,0,3,0,0,0,0,0,0,986,393,560,293,91,1331,244,146,168,306,470,1262,63,62031,1008,75,631,934,90,121,10,71,18,242,544,333,131,514,130,1,76,172,1174,0,0,0,0,0,0,621,0,0,0,0,0,0,0,0,0,1,0,0,0,0,0,0,1,12,0,0,0,0,0,0,0,0,0,0,0,16,0,0,0,0,0,0,0,0,0,0,3,0,2,0,0,0,3,0,84,0,0,0,31,0,0,0,0,0,0,0,0,0,0,22,0,0,0,0,0,0,0,0,0,0,0,0,1,0,0,0,0,0,0,0,0,0,0,0,0,0,0,0,0,3,0,0,0,0,2,0,0,0,0,0,0,0,0,84,0,0,0,0,2,1,0,0,1,0,23,0,35,0,0,0,0,0,9,0,0,0,0,0,0,9,0,0,0,0,0,0,0,0,0,0,0,0,0,0,0,0,0,0,0,0,0,0,0,0,0,0,0,0,0,0,0,0,0,0,0,0,0,0,0,2,0,0,0,0,0,0,0,0,0,0,0,0,0,0,0,0,0,0,0,0,0,0,0,0,0,0,0,0,0,0,0,0,0,0,0,0,0,0,0,0,0,0,0,0,0,0,0,0,0,0,0,0,0,0,0,0,0,0,0,0,0,0,0,0,1,0,0,0,0,0,0,0,0,0,1,0,0,0,0,0,1,0,0,0,0,0,0,0,0,0,0,0,0,0,0,0,0,0,0,0,0,0,0,0,0,0,0,0,0,0,0,0,0,0,0,0,0,0,0,0,0,0,1,0,0,0,0,0,0,0,0,0,0,0,0,0,0,0,0,0,0,0,0,0,0,0,0,0,2,2,0,0,0,2,0,0,0,0,0,0,0,0,0,0,0,0,0,0,0,0,0,0,1,0,0,0,0,0,0,0,0,0,0,0,0,0,0,0,0,0,0,0,0,0,0,0,0,0,0,0,0,0,0,0,0,0,0,0,0,0,16,0,0
29,2020-02-20,0,0,0,0,0,0,0,0,0,0,4,0,5,2,0,4,0,0,0,0,0,0,0,0,1,0,0,0,0,0,0,0,0,0,1,0,0,5,0,0,0,0,0,3,0,0,0,0,0,0,987,395,567,293,91,1332,245,146,168,307,476,1265,68,62442,1010,75,631,934,91,121,10,71,18,245,546,334,132,520,131,1,76,174,1175,0,0,0,0,0,0,634,0,0,0,0,0,0,0,0,0,1,0,0,0,0,0,0,1,12,0,0,0,0,0,0,0,0,0,0,0,16,0,0,0,0,0,0,0,0,0,0,3,0,5,0,0,0,3,0,94,0,0,0,104,0,0,0,0,0,0,0,0,0,0,22,0,0,0,0,0,0,0,0,0,0,0,0,1,0,0,0,0,0,0,0,0,0,0,0,0,0,0,0,0,3,0,0,0,0,2,0,0,0,0,0,0,0,0,84,0,0,0,0,2,1,0,0,1,0,24,0,35,0,0,0,0,0,9,0,0,0,0,0,0,9,0,0,0,0,0,0,0,0,0,0,0,0,0,0,0,0,0,0,0,0,0,0,0,0,0,0,0,0,0,0,0,0,0,0,0,0,0,0,0,2,0,0,0,0,0,0,0,0,0,0,0,0,0,0,0,0,0,0,0,0,0,0,0,0,0,0,0,0,0,0,0,0,0,0,0,0,0,0,0,0,0,0,0,0,0,0,0,0,0,0,0,0,0,0,0,0,0,0,0,0,0,0,0,0,1,0,0,0,0,0,0,0,0,0,1,0,0,0,0,0,1,0,0,0,0,0,0,0,0,0,0,0,0,0,0,0,0,0,0,0,0,0,0,0,0,0,0,0,0,0,0,0,0,0,0,0,0,0,0,0,0,0,1,0,0,0,0,0,0,0,0,0,0,0,0,0,0,0,0,0,0,0,0,0,0,0,0,0,2,2,0,0,0,2,0,0,0,0,0,0,0,0,0,0,0,0,0,0,0,0,0,0,1,0,0,0,0,0,0,0,0,0,0,0,0,0,0,0,0,0,0,0,0,0,0,0,0,0,0,0,0,0,0,0,0,0,0,0,0,0,16,0,0
30,2020-02-21,0,0,0,0,0,0,0,0,0,4,4,0,5,2,0,4,0,0,0,0,0,0,0,0,1,0,0,0,0,0,0,0,0,0,1,0,0,6,0,0,0,0,0,3,0,0,0,0,0,0,988,396,572,293,91,1333,246,146,168,308,479,1267,68,62662,1011,75,631,934,91,121,10,71,18,245,749,334,132,525,132,1,76,174,1203,0,0,0,0,0,0,634,0,0,0,0,0,0,0,0,0,1,0,0,0,0,0,0,1,12,0,0,0,0,0,0,0,0,0,0,0,16,0,0,0,0,0,0,0,0,0,0,3,0,18,0,0,1,20,0,105,0,0,0,204,0,0,0,0,1,0,0,0,0,0,22,0,0,0,0,0,0,0,0,0,0,0,0,1,0,0,0,0,0,0,0,0,0,0,0,0,0,0,0,0,3,0,0,0,0,2,0,0,0,0,0,0,0,0,85,0,0,0,0,2,1,0,0,1,0,26,0,35,0,0,0,0,0,9,0,0,0,0,0,0,9,0,0,0,0,0,0,0,0,0,0,0,0,0,0,0,0,0,0,0,0,0,0,0,0,0,0,0,0,0,0,0,0,0,0,0,0,0,0,0,2,0,0,0,0,0,0,0,0,0,0,0,0,0,0,0,0,0,0,0,0,0,0,0,0,0,0,0,0,0,0,0,0,0,0,0,0,0,0,0,0,0,0,0,0,0,0,1,0,0,0,0,0,0,0,0,0,0,0,0,0,0,0,0,0,1,0,0,0,0,0,0,0,0,0,1,0,0,0,0,0,1,0,0,0,0,0,0,0,0,0,0,0,0,0,0,0,0,0,0,0,0,0,0,0,0,0,0,0,0,0,0,0,0,0,0,0,0,0,0,0,0,0,1,0,0,0,0,0,0,0,0,0,0,0,0,0,0,0,0,0,0,0,0,0,0,0,0,1,2,2,0,0,0,2,0,0,0,0,0,0,0,0,0,0,0,0,0,0,0,0,0,0,1,0,0,0,0,0,0,0,0,0,0,0,0,0,0,0,0,0,0,0,0,0,0,0,0,0,0,0,0,0,0,0,0,0,0,0,0,0,16,0,0
31,2020-02-22,0,0,0,0,0,0,0,0,0,7,4,0,5,2,0,4,0,0,0,0,0,0,0,0,1,0,0,0,0,0,0,0,0,0,1,0,0,6,0,0,0,0,0,3,0,0,0,0,0,0,989,399,573,293,91,1339,249,146,168,309,479,1270,69,64084,1013,75,631,934,91,121,10,71,18,245,750,335,132,526,135,1,76,174,1205,0,0,0,0,0,0,634,0,0,0,0,0,0,0,0,0,1,0,0,0,0,0,0,1,12,0,0,0,0,0,0,0,0,0,0,0,16,0,0,0,0,0,0,0,0,0,0,3,0,28,0,0,1,62,0,122,0,0,0,433,0,0,0,0,1,0,0,0,0,0,22,0,0,0,0,0,0,0,0,0,0,0,0,1,0,0,0,0,0,0,0,0,0,0,0,0,0,0,0,0,3,0,0,0,0,2,0,0,0,0,0,0,0,0,85,0,0,0,0,2,1,0,0,1,0,26,0,35,0,0,0,0,0,13,0,0,0,0,0,0,9,0,0,0,0,0,0,0,0,0,0,0,0,0,0,0,0,0,0,0,0,0,0,0,0,0,0,0,0,0,0,0,0,0,0,0,0,0,0,0,2,0,0,0,0,0,0,0,0,0,0,0,0,0,0,0,0,0,0,0,0,0,0,0,0,0,0,0,0,0,0,0,0,0,0,0,0,0,0,0,0,0,0,0,0,0,0,1,0,0,0,0,0,0,0,0,0,0,0,0,0,0,0,0,0,1,0,0,0,0,0,0,0,0,0,1,0,0,0,0,0,1,0,0,0,0,0,0,0,0,0,0,0,0,0,0,0,0,0,0,0,0,0,0,0,0,0,0,0,0,0,0,0,0,0,0,0,0,0,0,0,0,0,1,0,0,0,0,0,0,0,0,0,0,0,0,0,0,0,0,0,0,0,0,0,0,0,0,1,2,2,0,0,0,2,0,0,0,0,0,0,0,0,0,0,0,0,0,0,0,0,0,0,1,0,0,0,0,0,0,0,0,0,0,0,0,0,0,0,0,0,0,0,0,0,0,0,0,0,0,0,0,0,0,0,0,0,0,0,0,0,16,0,0
32,2020-02-23,0,0,0,0,0,0,0,0,0,7,4,0,5,2,0,4,0,0,0,0,0,0,0,0,1,0,0,0,0,0,0,0,0,0,1,0,0,6,0,0,0,0,0,3,0,0,0,0,0,0,989,399,575,293,91,1342,249,146,168,311,480,1271,74,64084,1016,75,631,934,91,121,10,71,18,245,754,335,132,526,135,1,76,174,1205,0,0,0,0,0,0,691,0,0,0,0,0,0,0,0,0,1,0,0,0,0,0,0,1,12,0,0,0,0,0,0,0,0,0,0,0,16,0,0,0,0,0,0,0,0,0,0,3,0,43,0,0,1,155,0,147,0,0,0,602,0,0,0,0,1,0,0,0,0,0,22,0,0,0,0,0,0,0,0,0,0,0,0,1,0,0,0,0,0,0,0,0,0,0,0,0,0,0,0,0,3,0,0,0,0,2,0,0,0,0,0,0,0,0,89,0,0,0,0,2,1,0,0,1,0,28,0,35,0,0,0,0,0,13,0,0,0,0,0,0,9,0,0,0,0,0,0,0,0,0,0,0,0,0,0,0,0,0,0,0,0,0,0,0,0,0,0,0,0,0,0,0,0,0,0,0,0,0,0,0,2,0,0,0,0,0,0,0,0,0,0,0,0,0,0,0,0,0,0,0,0,0,0,0,0,0,0,0,0,0,0,0,0,0,0,0,0,0,0,0,0,0,0,0,0,0,0,1,0,0,0,0,0,0,0,0,0,0,0,0,0,0,0,0,0,1,0,0,0,0,0,0,0,0,0,1,0,0,0,0,0,1,0,0,0,0,0,0,0,0,0,0,0,0,0,0,0,0,0,0,0,0,0,0,0,0,0,0,0,0,0,0,0,0,0,0,0,0,0,0,0,0,0,1,0,0,0,0,0,0,0,0,0,0,0,0,0,0,0,0,0,0,0,0,0,0,0,0,1,2,2,0,0,0,2,0,0,0,0,0,0,0,0,0,0,0,0,0,0,0,0,0,0,1,0,0,0,0,0,0,0,0,0,0,0,0,0,0,0,0,0,0,0,0,0,0,0,0,0,0,0,0,0,0,0,0,0,0,0,0,0,16,0,0
33,2020-02-24,1,0,0,0,0,0,0,0,0,7,4,0,5,2,0,4,0,0,0,0,1,0,0,0,1,0,0,0,0,0,0,0,0,0,1,0,0,6,0,0,0,0,0,4,0,0,0,0,0,0,989,399,576,293,91,1345,251,146,168,311,480,1271,79,64287,1016,75,631,934,93,121,10,71,18,245,755,335,133,527,135,1,76,174,1205,0,0,0,0,0,0,691,0,0,0,0,0,0,0,0,0,1,0,0,0,0,0,0,1,12,0,0,0,0,0,0,0,0,0,0,0,16,0,0,0,0,0,0,0,0,0,0,3,0,61,1,0,1,229,0,159,0,0,0,833,0,1,0,0,1,0,0,0,0,0,22,0,0,0,0,0,0,0,0,0,0,0,0,1,0,0,0,0,0,0,0,0,0,0,2,0,0,0,0,0,3,0,0,0,0,2,0,0,0,0,0,0,0,0,89,0,0,0,0,2,1,0,0,1,0,30,0,35,0,0,0,0,0,13,0,0,0,0,0,0,13,0,0,0,0,0,0,0,0,0,0,0,0,0,0,0,0,0,0,0,0,0,0,0,0,0,0,0,0,0,0,0,0,0,0,0,0,0,0,0,2,0,0,0,0,0,0,0,0,0,0,0,36,0,0,0,0,0,0,0,0,0,0,0,0,0,0,0,0,0,0,0,0,0,0,0,0,0,0,0,0,0,0,0,0,0,0,1,0,0,0,0,0,0,0,0,0,0,0,0,0,0,0,0,0,1,0,0,0,0,0,0,0,0,0,1,0,0,0,0,0,1,0,0,0,0,0,0,0,0,0,0,0,0,0,0,0,0,0,0,0,0,0,0,0,0,0,0,0,0,0,0,0,0,0,0,0,0,0,0,0,0,0,1,0,0,0,0,0,0,0,0,0,0,0,0,0,0,0,0,0,0,0,0,0,0,0,0,1,2,2,0,0,0,2,0,0,0,0,0,0,0,0,0,0,0,0,0,0,0,0,0,0,1,0,0,0,0,0,0,0,0,0,0,0,0,0,0,0,0,0,0,0,0,0,0,0,0,0,0,0,0,0,0,0,0,0,0,0,0,0,16,0,0
34,2020-02-25,1,0,1,0,0,0,0,0,0,7,4,0,5,2,0,4,0,2,0,0,23,0,0,0,1,0,0,0,0,0,0,0,0,0,1,0,0,7,0,0,0,0,0,4,0,0,0,0,0,0,989,400,576,294,91,1347,252,146,168,311,480,1271,84,64786,1016,75,631,934,93,121,10,71,18,245,756,336,133,529,135,1,76,174,1205,0,0,0,0,0,1,691,0,0,0,0,0,0,0,0,0,1,0,0,0,0,0,0,1,14,0,0,0,0,0,0,0,0,0,0,0,17,0,0,0,0,0,0,0,0,0,0,3,0,95,1,0,1,322,0,170,0,0,0,977,0,11,0,0,1,0,0,0,0,0,22,0,0,0,0,0,0,0,0,0,0,0,0,1,0,0,0,0,0,0,0,0,0,0,2,0,0,0,0,0,3,0,0,0,0,2,0,0,0,0,0,0,0,0,91,0,0,0,0,6,1,0,0,1,1,31,0,37,0,0,0,0,0,13,0,0,0,0,0,0,13,0,0,0,0,0,0,0,0,0,0,0,0,0,0,0,0,0,0,0,0,0,0,0,0,0,0,0,0,0,0,0,0,0,0,0,0,0,0,0,2,0,0,0,0,0,0,0,0,0,0,0,36,0,0,0,0,0,0,0,0,0,0,0,0,0,0,0,0,0,0,0,0,0,0,0,0,0,0,0,0,0,0,0,0,0,0,1,0,0,0,0,0,0,0,0,0,0,0,0,0,0,0,0,0,1,0,0,0,0,0,0,0,0,0,1,0,0,0,0,0,1,0,0,0,0,0,0,0,0,0,0,0,0,0,0,0,0,0,0,0,0,0,0,0,0,0,0,0,0,0,0,0,0,0,0,0,0,0,0,0,0,0,1,0,0,0,0,0,0,0,0,0,0,0,0,0,0,0,0,0,0,0,0,0,0,0,0,1,2,2,0,0,0,2,0,0,0,0,0,0,0,0,0,0,0,0,0,0,0,0,0,0,1,0,0,0,0,0,0,0,0,0,0,0,0,0,0,0,0,0,0,0,0,0,0,0,0,0,0,0,0,0,0,0,0,0,0,0,0,0,16,0,0
35,2020-02-26,1,0,1,0,0,0,0,0,0,7,4,0,5,2,0,4,0,2,0,0,33,0,0,0,1,0,0,0,0,1,0,0,0,0,1,0,0,7,0,0,0,0,0,4,0,0,0,0,0,0,989,400,576,294,91,1347,252,146,168,312,480,1271,91,65187,1016,75,631,934,93,121,10,71,18,245,756,337,133,531,135,1,76,174,1205,0,0,0,0,0,3,705,0,0,0,0,0,0,0,0,0,1,0,0,0,0,0,0,2,18,0,0,0,0,0,0,0,0,0,0,1,27,0,1,0,0,0,0,0,0,0,0,3,0,139,5,0,2,453,0,189,0,0,0,1261,0,26,0,0,2,0,0,0,0,0,22,0,0,0,0,0,0,0,0,0,0,0,0,1,0,0,0,0,0,0,0,0,1,1,4,2,0,0,0,0,3,0,0,0,1,2,0,0,0,0,0,0,0,0,93,0,0,0,0,13,1,0,0,2,1,32,0,40,0,0,0,0,0,13,0,0,0,0,0,0,13,0,0,0,0,0,0,0,0,0,0,0,0,0,0,0,0,0,0,0,0,0,0,0,0,0,0,0,0,0,0,0,0,0,0,0,0,0,0,0,2,0,0,0,0,0,0,0,0,0,0,0,42,0,0,0,0,0,0,0,0,0,0,0,0,0,0,0,0,0,0,0,0,0,0,0,0,0,0,0,0,0,0,0,0,0,0,1,0,0,0,0,0,0,0,0,0,0,0,0,0,0,0,0,0,1,0,0,0,0,0,0,0,0,0,1,0,0,0,0,0,1,0,0,0,0,0,0,0,0,0,0,0,0,0,0,0,0,0,0,0,0,0,0,0,0,0,0,0,0,0,0,0,0,0,0,0,0,0,0,0,0,0,1,0,0,0,0,0,0,0,0,0,0,0,0,0,0,0,0,0,0,0,0,0,0,0,0,1,2,2,0,0,0,2,0,0,0,0,0,0,0,0,0,0,0,0,0,0,0,0,0,0,1,0,0,0,0,0,0,0,0,0,0,0,0,0,0,0,0,0,0,0,0,0,0,0,0,0,0,0,0,0,0,0,0,0,0,0,0,0,16,0,0
36,2020-02-27,1,0,1,0,0,0,0,0,0,8,4,0,5,2,0,4,0,3,0,0,33,0,0,0,1,0,0,0,0,1,0,0,0,0,1,0,0,7,0,0,0,0,0,6,0,0,0,0,0,0,989,410,576,296,91,1347,252,146,168,317,480,1272,92,65596,1017,75,631,934,93,121,10,72,18,245,756,337,133,534,136,1,76,174,1205,0,0,0,0,0,3,705,0,0,0,1,0,0,0,0,0,1,0,0,1,0,0,0,2,38,0,0,0,0,0,0,0,0,0,0,1,46,0,3,0,0,0,0,0,0,0,0,3,0,245,7,0,3,655,0,214,0,0,0,1766,0,43,0,0,2,0,0,0,0,0,23,0,0,0,0,0,0,0,0,0,0,0,0,1,0,0,1,0,0,0,0,0,1,1,4,2,0,0,0,0,3,0,0,0,1,2,0,0,0,1,0,0,0,0,93,0,0,0,0,15,1,0,0,7,8,32,0,40,0,0,0,0,0,13,0,0,0,0,0,0,15,0,0,0,0,0,0,0,0,0,0,0,0,0,0,0,0,0,0,0,0,0,0,0,0,0,0,0,0,0,0,0,0,0,0,0,0,0,0,0,2,0,0,0,0,0,0,0,0,0,0,0,42,0,0,0,0,0,0,0,0,0,0,0,0,0,0,0,0,0,0,0,0,0,0,0,0,0,0,0,0,0,0,0,0,0,0,1,0,0,0,0,0,0,0,0,0,0,0,0,0,0,0,0,0,1,0,0,0,0,0,0,0,0,0,1,0,0,0,0,0,1,0,0,0,0,0,0,0,0,0,0,0,0,0,0,0,0,0,0,0,0,0,0,0,0,0,0,0,0,0,0,0,0,0,0,0,0,0,0,0,0,0,1,0,0,0,0,0,0,0,0,0,0,0,0,0,0,0,0,0,0,0,0,0,0,0,0,2,2,2,0,0,0,2,0,0,0,0,0,0,0,0,0,0,0,0,0,0,0,0,0,0,1,0,0,0,0,0,0,0,0,0,0,0,0,0,0,0,0,0,0,0,0,0,0,0,0,0,0,0,0,0,0,0,0,0,0,0,0,0,16,0,0
37,2020-02-28,1,0,1,0,0,0,0,0,0,8,4,0,5,2,0,4,0,3,0,0,36,0,0,1,1,0,0,0,0,1,0,0,0,0,1,0,0,7,0,0,0,0,0,6,0,1,0,0,0,0,990,410,576,296,91,1348,252,146,168,318,480,1272,94,65914,1017,75,631,935,93,121,10,72,18,245,756,337,133,538,136,1,76,174,1205,0,0,0,0,0,5,705,0,0,0,1,0,0,0,0,0,1,0,0,1,0,0,0,2,57,0,0,0,0,0,0,0,0,0,0,1,48,0,4,0,0,0,0,0,0,0,1,3,0,388,7,0,4,888,0,228,0,0,0,2337,0,45,0,0,2,0,0,1,0,0,23,0,0,0,0,0,1,0,0,0,0,0,0,1,0,0,1,0,1,0,0,1,1,6,4,2,0,0,0,0,3,0,0,0,3,2,0,0,0,1,0,0,0,0,93,0,0,0,0,32,1,0,0,7,8,34,0,41,0,0,0,0,0,19,0,0,0,0,0,0,20,0,0,0,0,0,0,0,0,0,0,0,0,0,0,0,0,0,0,0,0,0,0,0,0,0,0,0,0,0,0,0,0,0,0,0,0,0,0,0,2,0,0,0,0,0,0,0,0,0,0,0,44,0,0,0,0,0,0,0,0,0,0,0,0,0,0,0,0,0,0,0,0,0,0,0,0,0,0,0,0,0,0,0,0,0,0,1,0,0,0,0,0,0,0,0,0,0,0,0,0,0,0,0,0,1,0,0,0,0,0,0,0,0,0,1,0,0,0,0,0,1,0,0,0,0,0,0,0,0,0,0,0,0,0,0,0,0,0,0,0,0,0,0,0,0,0,0,0,0,0,0,0,0,0,0,0,0,0,0,0,0,0,1,0,0,0,0,0,0,0,0,0,0,0,0,0,0,0,0,0,0,0,0,0,0,0,0,2,2,2,0,0,0,2,0,0,0,0,0,0,0,0,0,0,0,0,0,0,0,0,0,0,1,0,0,0,0,0,0,0,0,0,0,0,0,0,0,0,0,0,0,0,0,0,0,0,0,0,0,0,0,0,0,0,0,0,0,0,0,0,16,0,0
38,2020-02-29,1,0,1,0,0,0,0,0,0,0,4,0,9,3,0,7,2,9,0,0,41,0,0,1,1,0,0,0,0,2,0,0,0,0,1,0,0,8,0,0,0,0,0,11,0,1,0,0,0,0,990,411,576,296,91,1349,252,146,168,318,480,1272,95,66337,1018,75,631,935,93,121,10,73,18,245,756,337,133,538,136,1,76,174,1205,0,0,0,0,0,6,705,0,0,0,3,0,0,0,0,0,1,0,0,1,0,0,0,3,100,0,0,0,0,0,0,0,0,0,0,1,79,0,4,0,0,0,0,0,0,0,1,3,0,593,13,1,7,1128,0,241,0,0,0,3150,0,45,0,0,4,0,0,1,1,0,25,0,0,0,0,0,4,0,1,0,0,0,0,1,0,0,6,0,1,0,0,1,1,15,6,4,0,0,0,0,3,0,0,1,3,2,0,0,0,1,0,0,0,0,102,0,0,0,0,45,1,0,0,12,18,39,0,42,0,0,0,0,0,21,0,0,0,0,0,0,23,0,0,0,0,0,0,0,0,0,0,0,0,0,0,0,0,0,0,0,0,0,0,0,0,0,0,0,0,0,0,0,0,0,0,0,0,0,0,0,2,0,0,0,0,0,0,0,0,0,0,0,44,0,0,0,0,0,0,0,0,0,0,0,0,0,0,0,0,0,0,0,0,0,0,0,0,0,0,0,0,0,0,0,0,0,0,1,0,0,0,0,0,0,0,0,0,0,0,0,0,0,0,0,0,6,0,0,0,0,0,0,0,0,0,1,0,0,0,0,0,1,0,0,0,0,0,0,0,0,0,0,0,0,0,0,0,0,0,0,0,0,0,0,0,0,0,0,0,0,0,0,0,0,0,0,0,0,0,0,0,0,0,1,0,0,0,0,0,0,0,0,0,0,0,0,0,0,0,0,0,0,0,0,0,0,0,0,2,2,2,0,0,0,3,0,0,0,0,0,0,1,0,0,0,0,0,0,0,0,0,0,0,1,0,0,0,0,0,0,0,0,0,0,0,0,0,0,0,0,0,0,0,0,1,0,0,0,0,0,0,0,0,0,0,0,0,0,0,0,0,16,0,0
39,2020-03-01,1,0,1,0,0,0,0,1,0,0,6,0,9,3,0,7,2,14,3,0,47,0,0,1,2,0,0,0,0,2,0,0,0,0,1,0,0,8,0,0,0,0,0,15,0,1,0,0,0,0,990,413,576,296,91,1349,252,146,168,318,480,1272,96,66907,1018,75,631,935,93,122,10,73,18,245,758,337,133,538,136,1,76,174,1205,0,0,0,0,0,7,705,0,0,3,4,0,0,0,1,6,2,0,0,1,0,0,0,6,130,0,0,0,0,0,0,0,0,0,0,3,130,0,7,0,0,0,0,0,0,0,3,3,0,978,19,1,10,1694,0,256,0,0,0,3736,0,45,0,0,10,0,0,1,1,0,29,0,0,0,0,0,5,0,1,0,0,0,0,1,0,0,10,0,1,0,0,1,1,19,6,4,0,0,0,0,3,0,0,3,3,2,0,0,0,1,0,0,0,0,106,0,0,0,0,84,1,0,0,14,27,40,0,42,0,0,0,0,0,21,0,0,0,0,0,0,36,0,0,0,0,0,0,0,0,0,0,0,0,0,0,0,0,0,0,0,0,0,0,0,0,0,0,0,0,0,0,0,0,0,0,0,0,0,0,0,3,0,0,0,0,0,0,0,0,0,0,0,44,0,0,0,0,0,0,0,0,0,0,0,0,0,0,0,0,0,0,0,0,0,0,0,0,0,0,0,0,0,0,0,0,0,0,1,0,0,0,0,0,0,0,0,0,0,0,0,0,0,0,0,0,9,0,0,0,0,0,0,0,0,0,1,0,0,0,0,0,1,0,0,0,0,0,0,0,0,0,0,0,0,0,0,0,0,0,0,0,0,0,0,0,0,0,0,0,0,0,0,0,0,0,0,0,0,0,0,0,0,0,1,0,0,0,0,0,0,0,0,0,0,0,0,0,0,0,0,0,1,0,0,0,0,0,0,2,2,2,0,0,0,3,0,0,0,0,0,0,2,0,0,0,0,0,0,0,0,0,0,0,1,0,0,0,0,0,0,0,0,0,0,0,0,0,0,0,0,0,0,0,0,1,0,0,0,0,0,0,0,0,0,0,0,0,0,0,0,0,16,0,0
40,2020-03-02,1,0,3,1,0,0,0,1,0,0,6,0,9,3,1,9,2,18,3,0,49,0,0,1,8,0,0,0,0,2,0,0,0,0,1,0,0,8,0,0,0,0,0,18,0,1,0,0,0,0,990,414,576,296,91,1350,252,146,168,318,480,1272,100,67103,1018,75,631,935,93,122,10,74,18,245,758,337,133,538,136,1,76,174,1206,0,0,0,0,0,7,705,0,0,3,4,0,0,0,1,6,2,0,0,1,0,0,0,6,191,0,0,0,0,0,0,0,0,0,0,3,159,0,7,0,0,0,0,0,0,0,6,5,2,1501,26,1,10,2036,0,274,0,0,0,4335,0,56,0,1,13,0,0,1,1,0,29,0,0,0,0,0,5,0,1,0,0,1,0,1,0,0,18,0,1,0,0,1,1,25,6,4,0,0,0,0,3,0,2,3,3,3,0,0,0,8,1,1,0,0,108,0,0,0,0,120,1,0,0,15,42,41,0,43,0,0,0,0,0,21,0,0,0,0,0,0,40,0,0,0,0,0,0,0,0,0,0,0,0,0,0,0,0,0,0,0,0,0,0,0,0,0,0,0,0,0,0,0,0,0,0,0,0,0,0,0,4,0,0,0,0,0,0,0,0,0,0,0,45,0,0,0,0,0,0,0,0,0,0,0,0,0,0,0,0,0,1,0,0,0,0,0,0,0,0,0,0,0,0,1,0,0,0,1,0,0,0,0,0,0,0,0,0,0,0,0,0,0,0,0,0,14,0,0,0,0,0,0,0,0,0,1,0,0,0,0,0,1,0,0,0,0,0,0,0,0,0,0,0,0,0,0,0,0,0,0,0,0,0,0,0,0,0,0,0,0,0,0,1,0,0,0,0,0,0,0,0,0,0,1,0,0,0,0,0,0,0,0,0,0,0,0,1,0,0,0,0,2,0,0,0,0,0,0,2,2,2,0,0,1,9,0,0,0,0,0,0,4,0,0,1,0,0,0,0,0,0,0,0,1,0,0,0,0,0,0,0,0,0,0,1,0,0,0,0,0,0,0,0,0,2,0,0,0,0,0,0,0,0,0,0,0,0,0,0,0,0,16,0,0
41,2020-03-03,1,0,5,1,0,0,1,1,0,0,13,0,11,3,1,9,2,21,3,0,49,0,0,1,13,0,0,0,0,2,0,0,0,0,1,0,0,9,0,0,0,0,0,20,0,1,0,0,0,1,990,414,576,296,91,1350,252,146,168,318,480,1272,100,67217,1018,75,631,935,93,125,10,74,18,245,758,338,133,538,136,1,76,174,1213,0,0,0,0,0,9,706,0,0,5,6,0,0,0,1,7,2,0,0,2,0,0,0,6,204,0,0,0,0,0,0,0,0,0,0,3,196,0,7,0,0,0,0,0,0,0,11,5,2,2336,32,2,12,2502,0,293,1,0,0,5186,0,56,0,1,13,0,0,1,1,0,36,0,0,0,0,0,5,0,1,0,0,1,0,1,0,0,24,0,1,0,0,1,1,32,12,5,0,0,0,0,3,0,2,7,3,3,0,0,0,10,1,2,0,0,110,0,0,0,0,165,1,0,0,21,56,42,0,43,0,0,0,0,1,27,0,0,0,0,0,0,51,0,0,0,1,0,0,0,0,0,0,0,0,0,0,0,0,0,0,0,0,0,0,0,0,0,0,0,0,0,0,0,0,0,0,0,0,0,0,0,4,0,0,0,0,0,0,0,0,0,0,0,45,0,0,0,0,0,0,0,0,0,0,0,0,0,0,0,2,0,2,0,0,0,0,0,0,0,0,0,0,0,0,2,0,0,0,1,0,0,0,0,0,0,0,0,0,0,0,0,0,0,0,0,0,21,0,0,0,0,0,0,0,0,0,1,0,0,0,0,0,1,0,0,0,0,0,0,0,0,0,0,0,0,0,0,0,0,0,0,0,0,0,0,0,0,0,0,0,0,0,0,1,0,1,0,0,0,0,0,0,0,0,1,0,0,0,0,0,0,0,0,0,0,0,0,1,0,0,0,0,2,0,0,0,0,0,0,2,2,2,0,0,2,11,0,0,0,0,0,0,6,0,0,1,0,0,0,0,0,0,0,0,1,0,0,0,0,0,0,0,0,0,0,1,0,0,0,0,0,0,0,1,0,2,0,0,0,0,0,0,1,0,0,0,0,0,0,0,0,0,16,0,0
42,2020-03-04,1,0,12,1,0,0,1,1,0,0,22,1,11,5,1,10,2,29,3,0,52,0,0,6,23,0,0,0,0,4,0,0,0,0,1,0,0,12,0,0,0,0,0,20,0,1,0,0,0,1,990,418,576,296,91,1350,252,146,168,318,480,1272,105,67332,1018,75,631,935,93,125,10,75,18,245,758,338,133,538,136,1,76,174,1213,0,0,0,0,0,10,706,0,0,8,10,1,0,0,1,10,2,0,0,2,0,0,0,6,285,0,0,0,0,0,0,3,0,0,0,3,262,0,9,0,0,0,0,0,0,2,26,28,2,2922,35,6,15,3089,0,331,1,0,0,5621,0,56,0,1,13,0,1,1,1,0,50,0,0,0,0,0,5,0,1,0,0,1,0,1,0,0,38,0,3,0,0,1,1,56,15,5,0,0,0,0,3,1,5,8,4,3,0,0,0,16,1,4,0,0,110,0,0,0,0,222,1,0,0,35,90,42,0,43,0,0,1,0,1,27,0,0,0,1,0,0,85,0,0,0,1,0,0,0,0,0,0,0,0,0,0,0,0,0,0,0,0,0,0,0,0,0,0,0,0,0,0,0,0,0,0,0,0,0,0,1,4,0,0,0,0,0,0,0,0,0,0,0,45,0,0,0,0,0,0,0,0,0,0,0,0,0,0,0,2,0,2,0,0,0,0,0,0,0,0,0,0,0,0,2,0,0,0,1,0,0,0,0,0,0,0,0,0,0,0,0,0,0,0,0,0,31,0,0,0,0,0,0,0,0,0,7,0,0,0,0,0,1,0,0,0,0,0,0,0,0,0,0,0,0,0,0,0,0,0,0,0,0,0,0,0,0,0,0,0,0,0,0,1,0,1,0,0,0,0,0,0,0,0,3,0,0,0,0,0,0,0,0,0,0,0,0,2,0,0,0,0,2,0,0,0,0,0,0,2,2,2,0,0,2,11,0,0,0,0,0,0,8,0,0,1,0,0,0,0,0,0,0,0,1,0,0,0,0,0,0,0,0,0,0,1,0,0,0,0,0,0,0,1,0,2,0,0,0,0,0,0,10,0,0,0,0,0,0,0,0,0,16,0,0
43,2020-03-05,1,0,12,1,0,0,1,1,0,0,22,1,13,5,1,10,3,41,6,0,55,0,0,6,50,0,0,0,2,4,0,0,0,0,1,0,0,13,0,0,0,0,0,22,0,2,0,0,0,4,990,418,576,296,102,1351,252,146,168,318,481,1272,105,67466,1018,75,631,935,93,125,10,75,18,245,758,339,133,539,136,1,76,174,1215,0,0,0,0,0,10,706,0,0,12,10,1,0,0,1,13,3,0,0,3,0,0,0,12,377,0,0,0,0,0,0,3,0,0,0,4,482,0,31,0,0,0,0,0,0,2,34,30,2,3513,35,6,20,3858,0,360,1,0,0,6088,0,58,0,1,16,0,1,1,1,0,50,0,0,0,0,0,5,0,1,0,0,2,0,1,0,0,82,0,3,0,0,1,1,87,16,5,0,0,0,0,3,1,8,8,6,4,0,0,0,21,5,4,0,0,117,0,2,0,1,259,1,0,0,94,114,44,0,47,0,0,1,0,1,29,0,0,0,1,0,0,115,0,0,0,1,0,0,0,0,0,0,0,0,2,0,0,0,0,0,0,0,0,0,0,0,0,0,0,0,0,0,0,1,0,0,0,0,0,0,1,5,0,0,0,0,0,0,0,0,0,0,0,45,0,0,0,0,0,0,0,0,0,0,0,0,0,1,0,2,0,2,0,1,0,0,0,0,0,0,2,0,0,0,2,0,0,0,1,0,0,0,0,0,0,0,0,0,0,0,0,0,0,0,0,0,51,0,0,0,0,0,0,0,0,0,11,0,0,0,0,0,1,0,0,0,0,0,0,0,0,0,0,0,0,0,0,0,0,0,0,0,0,0,1,0,0,0,0,0,0,0,0,4,0,1,0,0,0,0,0,0,0,0,3,0,0,0,0,0,0,0,0,0,0,0,0,2,0,0,0,0,2,0,0,0,0,0,0,2,2,3,2,0,2,20,0,1,0,0,0,0,18,0,0,1,0,0,0,0,0,0,0,0,1,0,0,0,0,0,0,0,0,0,0,1,0,0,0,0,0,0,0,1,0,2,0,0,0,0,0,0,18,0,1,0,0,0,0,0,0,0,16,0,0
44,2020-03-06,1,0,17,1,0,0,2,1,0,0,26,0,13,7,1,10,3,55,6,0,60,0,0,6,109,0,1,0,2,13,0,0,0,0,1,1,1,21,0,0,0,0,0,25,0,2,0,0,0,4,990,422,576,296,119,1352,252,146,168,318,481,1272,107,67592,1018,75,631,935,93,125,10,75,18,245,758,342,133,539,136,1,76,174,1215,1,0,0,1,0,11,696,0,0,18,23,1,0,0,2,13,15,0,0,10,0,0,0,15,653,0,0,0,0,0,0,3,0,0,0,4,670,0,45,0,0,0,0,1,0,2,43,31,4,4747,40,18,37,4636,0,420,1,0,0,6593,0,58,0,1,22,0,1,1,2,0,83,0,0,0,0,0,6,0,1,0,0,2,0,1,0,0,128,0,4,0,0,1,3,108,16,6,0,0,0,1,5,5,13,8,9,13,0,0,0,21,5,4,1,0,130,1,7,0,1,400,1,0,0,101,214,45,0,48,1,0,1,0,1,29,0,0,0,1,0,0,163,0,0,0,1,0,0,0,0,0,0,0,0,2,0,0,0,0,0,0,0,0,0,0,0,0,0,0,0,0,1,0,1,0,0,0,0,0,0,3,5,0,0,0,0,0,0,0,0,1,2,0,45,0,0,1,0,0,0,0,0,0,1,0,0,0,1,0,2,0,2,0,1,0,0,0,0,0,0,3,0,0,0,2,0,0,0,1,0,0,0,0,0,0,0,0,0,0,0,0,0,0,0,0,0,58,0,0,0,0,0,0,0,0,0,13,0,0,0,0,0,2,0,1,0,0,0,0,0,1,0,0,0,0,0,0,0,0,3,0,0,0,0,1,0,0,0,0,0,0,0,0,11,0,2,0,0,0,0,0,0,0,0,3,0,0,0,0,0,0,0,0,0,0,0,0,5,1,0,0,0,2,0,1,0,0,0,0,2,2,3,2,0,2,20,0,1,0,0,0,0,19,0,0,1,0,0,0,0,0,0,0,0,3,0,0,1,0,0,0,0,0,0,0,1,0,0,0,0,0,0,0,1,0,2,0,1,1,0,0,0,19,0,1,0,0,0,1,0,0,0,16,0,0
45,2020-03-07,1,0,17,1,0,0,8,1,0,0,28,0,13,7,1,11,3,79,9,0,85,0,0,6,169,0,1,0,3,13,0,0,0,0,1,1,2,21,0,0,0,0,0,28,0,3,0,0,0,4,990,426,576,296,120,1352,252,146,168,318,481,1272,108,67666,1018,75,631,935,93,125,10,75,18,245,758,342,133,539,136,1,76,174,1215,1,0,0,1,0,12,696,0,0,19,23,1,0,0,2,13,15,0,0,10,0,0,0,15,949,5,0,0,0,0,0,3,0,0,0,4,799,0,46,0,0,0,0,1,0,4,50,34,4,5823,54,18,43,5883,0,461,1,0,0,7041,0,61,0,1,22,0,1,1,2,0,93,0,3,2,0,0,6,0,1,0,0,2,0,1,0,0,188,0,5,0,0,1,3,147,16,6,0,0,0,1,6,5,20,8,9,13,0,0,0,23,5,4,1,0,138,1,7,0,1,500,1,0,0,161,268,45,0,50,1,0,1,0,1,45,0,0,0,1,0,0,206,0,0,0,2,0,0,0,0,0,0,0,0,4,0,0,0,0,2,0,0,0,0,0,0,0,0,1,0,0,1,0,1,1,1,0,0,0,0,3,6,0,0,0,0,1,0,0,0,1,2,0,45,0,3,1,0,0,1,0,0,0,1,0,0,0,3,0,3,0,2,21,1,0,0,0,0,0,0,5,0,0,0,2,1,0,0,1,0,0,0,0,0,1,0,1,0,0,0,0,0,0,0,0,1,71,0,0,1,0,0,0,0,2,0,14,0,0,1,0,0,2,0,1,0,0,0,0,0,1,0,0,0,0,0,0,0,0,3,0,0,0,0,4,0,0,0,0,0,0,0,0,11,0,2,0,0,0,0,0,0,0,0,3,0,0,0,0,0,0,0,1,0,0,2,0,5,1,0,0,0,3,0,1,0,0,0,2,2,2,3,9,0,2,32,0,1,2,0,0,0,27,0,0,1,0,0,0,0,0,0,0,0,3,0,0,1,0,0,0,0,0,1,0,1,0,0,0,0,0,0,0,1,0,3,0,1,1,0,0,0,57,0,1,0,0,0,1,0,0,0,18,0,0
46,2020-03-08,4,0,19,1,0,0,12,1,0,0,38,0,15,7,2,11,3,104,9,0,85,3,0,6,200,0,1,0,3,20,0,4,0,0,2,2,4,27,0,0,0,0,0,29,0,4,0,0,0,8,990,428,576,296,124,1352,252,146,168,318,481,1272,114,67707,1018,75,631,935,93,125,10,75,18,245,758,342,133,539,136,1,76,174,1215,1,0,0,5,0,12,696,0,0,31,35,2,0,0,5,14,49,0,0,10,0,0,0,23,1126,5,0,0,0,0,0,3,0,0,0,13,1040,0,73,0,0,0,0,1,0,7,50,39,6,6566,60,19,61,7375,0,502,1,0,0,7314,0,64,0,2,32,0,1,1,3,0,99,4,3,2,0,0,7,1,1,0,0,2,0,1,0,0,265,0,5,0,0,1,3,176,16,6,0,0,1,6,10,11,30,15,15,17,0,0,0,36,11,4,1,0,150,3,16,0,3,673,1,0,0,203,337,45,0,50,1,0,2,0,1,45,0,0,0,1,0,0,273,0,0,0,2,0,0,0,0,0,0,0,1,4,1,0,0,0,2,0,0,0,0,0,0,0,0,1,0,0,1,0,2,1,1,0,0,0,0,9,7,0,0,0,1,1,0,0,0,1,2,0,45,0,3,1,1,0,1,0,2,0,1,0,0,0,6,1,3,0,3,21,1,0,0,0,0,0,1,5,0,0,1,2,1,0,1,1,0,0,0,0,0,2,0,1,0,0,0,1,0,0,0,0,1,83,0,1,1,0,0,0,0,2,0,14,0,0,1,0,1,2,0,1,1,0,0,0,0,7,0,0,0,0,0,0,0,0,4,4,0,0,0,5,0,0,0,0,0,0,0,0,12,0,6,0,0,0,0,0,1,0,0,3,0,0,0,0,0,0,0,4,0,0,2,0,5,1,0,0,0,3,0,1,0,1,1,2,2,2,3,9,0,2,38,0,1,2,0,1,0,31,0,0,1,0,0,0,0,0,1,0,0,8,1,0,1,0,0,0,0,0,1,1,1,0,0,0,0,0,0,1,1,0,8,2,2,1,0,0,0,83,0,1,0,0,0,1,0,0,0,30,0,0
47,2020-03-09,4,2,20,1,0,0,12,1,0,0,48,0,15,7,2,15,4,131,9,0,95,3,0,6,239,0,1,0,3,25,1,4,0,0,2,2,7,32,0,0,0,0,0,34,0,4,0,0,0,8,990,428,576,296,124,1352,252,146,168,318,481,1272,115,67743,1018,75,631,935,93,125,10,75,18,245,758,342,133,539,136,1,76,174,1215,1,0,0,9,0,12,696,0,2,31,90,2,0,0,5,15,55,0,0,10,0,0,0,30,1209,5,0,0,0,0,0,1,2,0,0,15,1176,0,73,0,0,0,0,1,0,9,58,43,19,7161,60,21,61,9172,0,511,1,0,0,7478,0,64,0,6,32,0,1,1,3,0,117,4,3,2,0,0,7,1,1,0,0,2,0,1,0,0,321,0,5,0,0,2,3,205,16,6,0,0,1,7,20,16,30,18,15,17,0,0,0,36,15,4,1,0,150,3,16,0,3,1073,1,0,0,248,374,45,0,50,1,0,2,0,1,45,0,0,0,1,0,0,321,0,0,0,2,0,0,0,0,0,0,0,1,4,1,0,0,0,3,0,0,0,0,0,0,1,0,1,1,0,1,1,2,1,3,0,1,0,0,9,7,0,0,0,1,1,0,0,0,1,2,0,45,0,3,3,1,0,1,0,2,0,1,0,0,0,6,1,5,0,3,21,1,0,0,0,0,0,1,6,2,0,2,2,1,0,1,1,0,0,0,0,0,2,1,1,1,0,3,1,0,0,0,0,1,83,0,1,1,0,0,0,0,2,0,14,0,0,1,0,2,2,0,1,1,0,0,0,0,7,0,0,0,0,0,0,0,0,4,5,0,0,0,17,0,0,0,0,0,0,0,0,19,0,6,0,0,0,0,0,1,0,0,4,0,0,0,0,0,0,0,4,0,0,2,0,7,1,0,0,0,3,0,1,0,1,1,4,2,2,3,9,0,2,38,0,1,2,1,1,0,31,0,0,3,0,0,1,0,0,1,0,0,8,1,0,1,0,0,0,0,0,1,1,1,0,0,0,0,0,0,1,1,0,8,2,2,1,0,0,0,98,0,1,0,0,0,1,0,0,0,30,0,0
48,2020-03-10,5,10,20,1,0,0,17,1,0,0,55,1,18,7,2,18,6,182,11,0,110,3,0,9,267,0,1,0,5,31,1,4,1,0,2,2,7,32,0,0,0,0,0,36,0,4,0,0,0,13,990,429,576,296,125,1353,252,146,168,318,481,1272,120,67760,1018,75,631,935,93,125,10,75,18,245,758,344,133,539,136,1,76,174,1215,3,0,0,9,0,14,696,0,3,41,262,2,0,0,5,15,59,0,0,12,0,0,0,40,1784,5,0,0,0,0,0,1,2,0,0,15,1457,0,89,0,0,0,0,1,0,9,69,56,27,8042,71,34,83,10149,0,581,1,0,0,7513,0,69,0,8,41,0,1,1,5,0,129,6,5,2,0,0,7,3,1,1,0,3,0,1,0,0,382,0,5,0,0,2,7,400,18,16,1,0,1,11,33,22,41,24,25,20,0,0,0,51,20,4,5,0,160,7,31,0,7,1695,1,0,0,355,491,47,0,53,1,0,5,0,1,74,0,0,1,1,0,0,382,0,0,0,0,0,0,0,6,0,0,0,0,0,0,0,0,0,0,0,0,0,144,0,0,0,0,0,0,0,0,0,0,0,0,0,0,15,2,0,0,0,0,0,0,0,0,0,0,0,0,0,46,5,0,0,0,0,0,0,0,0,0,0,15,0,0,0,0,17,0,21,0,0,0,0,0,0,0,0,0,2,0,0,0,0,0,0,0,12,6,8,0,0,0,0,0,0,0,0,0,0,1,6,0,0,0,0,0,0,0,0,0,0,0,0,0,1,0,0,0,0,0,0,0,8,92,0,0,0,0,0,3,0,1,0,0,0,0,0,0,0,0,0,0,3,4,0,4,15,0,173,0,0,0,0,7,0,0,3,0,2,0,0,15,0,0,0,0,12,0,0,0,0,0,0,0,0,0,0,0,0,0,0,3,0,0,0,0,0,0,0,0,0,0,0,0,0,0,0,0,0,0,0,0,7,0,0,0,0,0,0,0,0,0,0,0,0,0,7,13,0,0,0,0,0,2,0,1,0,7,0,0,267,0,0,0,0,0,0,0,0,0,0,3,0,0,0,0,0,0,31,0,0
49,2020-03-11,7,12,20,1,0,0,19,1,0,0,65,1,20,9,3,21,9,246,11,0,195,3,0,9,314,0,1,2,7,38,11,7,2,0,3,2,19,39,0,0,1,0,0,41,0,8,0,0,0,23,990,435,576,296,127,1356,252,146,168,318,482,1273,126,67773,1018,75,631,935,93,125,10,75,18,245,760,344,133,539,136,1,76,174,1215,9,0,1,13,1,19,696,0,6,91,442,2,0,0,5,17,60,0,0,16,0,0,0,59,2281,5,0,0,0,0,1,1,2,0,0,24,1908,0,99,0,0,0,0,1,2,13,85,62,34,9000,71,43,109,12462,1,639,1,0,0,7755,0,72,0,10,61,0,1,3,7,0,149,8,6,3,0,0,8,3,1,1,0,5,0,1,0,0,503,0,5,0,0,2,7,598,18,19,8,0,5,11,49,31,59,262,45,20,0,0,0,62,21,4,12,0,178,10,57,0,13,2277,2,0,0,500,652,48,0,59,1,0,7,1,1,74,0,0,2,1,0,0,456,0,0,0,0,0,0,0,9,1,0,0,0,0,0,0,0,0,0,0,0,0,177,0,0,0,0,0,0,0,0,0,0,0,0,0,0,34,3,0,0,0,0,0,0,0,0,0,1,0,0,0,46,10,0,0,0,0,0,0,0,0,0,0,28,0,0,0,0,23,0,21,0,0,0,0,0,0,0,0,0,2,0,0,0,0,0,0,0,25,11,13,0,0,0,0,0,0,0,0,0,0,1,8,0,0,0,0,0,0,0,0,0,0,0,0,0,6,0,0,0,0,0,0,0,9,95,0,2,0,0,0,5,0,1,0,0,1,0,0,0,0,0,0,0,5,7,0,5,23,3,220,0,0,0,0,7,0,0,4,0,2,0,0,19,0,0,0,0,16,0,0,0,0,0,0,0,0,0,0,0,0,0,0,5,0,0,0,0,0,0,0,0,0,0,0,0,0,0,0,0,0,0,0,0,10,8,0,0,0,0,0,0,0,0,0,0,0,0,9,21,0,0,0,0,0,3,0,1,0,9,0,0,366,0,0,0,0,0,0,0,0,0,0,6,0,0,0,0,0,0,38,0,0
50,2020-03-12,7,23,24,1,0,0,19,4,0,0,65,1,20,9,3,21,9,302,11,0,195,3,0,12,314,0,1,2,11,52,11,7,2,0,3,2,19,46,0,0,1,0,0,42,0,9,0,0,0,23,990,435,576,296,127,1356,252,146,168,318,482,1273,129,67781,1018,75,631,935,93,125,10,75,18,245,760,344,133,539,136,1,76,174,1215,9,0,1,22,1,19,696,3,6,94,615,2,0,0,5,17,67,0,0,16,0,0,0,59,2281,5,0,0,0,0,1,1,2,0,0,24,2078,0,99,0,0,1,0,1,2,13,103,73,34,10075,71,43,131,12462,2,639,1,0,0,7869,0,80,0,10,61,0,1,3,19,0,149,8,6,3,0,0,12,3,2,1,0,6,0,1,0,0,503,0,5,0,0,2,7,702,18,20,11,0,5,15,52,49,59,262,49,28,0,0,0,69,45,4,19,0,178,16,89,0,17,2277,2,0,0,599,652,49,0,70,1,0,7,1,1,85,0,0,2,1,0,0,456,0,0,0,0,0,0,0,9,6,0,0,0,0,0,0,0,0,0,0,0,0,221,0,0,0,0,0,0,0,0,0,0,0,0,0,0,45,5,0,0,0,0,0,0,0,0,0,1,0,0,0,46,10,0,0,0,0,0,0,0,0,0,0,35,0,0,0,0,31,0,21,0,0,0,0,0,0,0,0,0,2,0,0,0,0,0,0,0,32,13,16,0,0,0,0,0,0,0,0,0,0,1,10,0,0,0,0,0,0,0,0,0,0,0,0,0,19,0,0,0,0,0,0,0,12,108,0,2,0,0,0,9,1,1,0,0,1,0,0,0,0,0,0,0,10,14,0,6,29,5,328,0,0,0,0,15,1,0,5,0,2,0,0,24,0,0,0,0,22,0,0,0,0,0,0,0,0,0,0,0,0,0,0,5,0,0,0,0,0,0,0,0,0,0,0,0,0,0,0,0,0,0,0,0,12,8,0,0,0,0,0,0,0,0,0,0,0,0,18,27,0,0,0,0,0,5,0,2,0,17,0,0,442,0,0,0,0,0,0,0,0,0,0,8,0,1,0,0,0,0,39,0,0
51,2020-03-13,7,33,26,1,0,1,31,8,1,0,92,1,35,16,5,36,14,504,15,0,189,3,0,27,559,0,1,3,13,151,37,23,2,0,5,2,29,64,2,4,1,0,0,74,0,17,2,0,0,43,990,436,576,296,127,1356,252,146,168,318,482,1273,134,67786,1018,75,631,935,93,125,10,75,18,245,760,346,133,539,136,1,76,174,1215,13,0,2,23,1,32,696,4,14,141,801,3,0,0,5,17,80,0,0,79,0,1,0,155,3661,5,3,1,0,0,5,1,2,0,0,25,3675,0,190,0,1,1,0,1,2,19,134,82,69,11364,101,90,161,17660,8,701,1,4,1,7979,0,80,0,17,77,0,1,6,34,0,197,9,12,3,0,0,12,6,2,1,0,7,0,1,2,0,804,0,5,0,0,2,14,996,19,28,27,0,6,28,64,68,112,320,89,45,0,0,0,80,86,10,35,0,200,32,141,0,24,5232,6,1,0,814,1139,50,0,75,1,0,16,5,3,85,0,1,2,1,0,0,798,0,5,0,0,1,0,0,9,6,0,0,0,0,0,0,0,0,0,0,0,0,282,0,0,0,0,0,0,0,0,0,0,0,0,0,0,49,11,0,0,0,0,0,0,0,0,0,4,0,0,0,46,10,0,0,0,0,0,0,0,0,0,0,50,0,0,0,0,42,0,21,0,0,0,0,0,0,0,0,0,2,0,0,0,0,0,0,1,46,13,17,0,0,0,0,0,0,0,0,0,0,5,14,0,0,0,0,0,0,0,0,0,0,0,0,0,36,0,1,0,0,0,0,0,18,123,0,16,0,0,0,14,1,2,0,0,1,0,0,0,0,0,0,0,13,17,0,6,29,10,421,0,0,0,0,17,1,0,13,0,2,0,0,30,0,0,0,0,41,0,0,0,0,0,0,0,0,0,0,0,0,0,0,14,0,0,0,0,0,0,0,0,0,0,0,0,0,0,0,0,0,0,0,0,13,8,0,0,0,0,0,0,0,0,0,0,0,0,26,43,0,0,0,0,0,9,0,2,0,30,0,0,568,0,0,0,0,0,0,0,0,0,0,19,0,1,0,0,0,0,47,0,0
52,2020-03-14,11,38,37,1,0,1,34,18,1,0,112,1,46,19,5,49,17,655,15,0,210,3,0,27,689,0,1,10,18,151,40,41,2,0,7,2,29,64,2,4,1,0,0,79,0,17,2,0,0,61,990,437,576,296,129,1356,252,146,168,318,482,1273,140,67790,1018,75,631,935,93,125,10,75,18,245,760,353,133,539,136,1,76,174,1227,22,0,2,26,1,38,696,4,26,189,827,9,0,0,11,28,109,0,0,115,1,1,0,225,4469,5,3,1,0,0,6,1,2,1,0,30,4585,3,228,1,1,1,0,1,2,30,156,102,96,12729,110,129,193,21157,8,773,1,6,1,8086,0,104,0,26,93,0,4,8,51,0,238,10,18,9,1,0,26,12,2,1,0,17,2,1,2,1,959,0,6,0,0,2,14,1090,19,31,36,0,6,38,111,103,169,337,123,59,1,1,1,80,103,10,46,2,212,44,181,0,38,6391,10,1,1,961,1359,53,0,82,1,2,18,5,3,85,0,1,2,1,0,0,1140,0,6,0,0,1,0,0,12,12,0,0,0,0,0,0,0,0,0,0,0,0,340,0,0,0,0,0,0,0,0,0,0,0,0,0,0,101,22,0,0,0,0,0,0,0,0,0,6,0,0,0,46,10,0,0,0,0,0,0,0,0,0,0,76,0,0,0,0,66,0,21,0,0,0,0,0,0,0,0,0,4,0,0,0,0,0,0,2,64,16,17,0,0,0,0,0,0,0,0,0,0,8,14,0,0,0,0,0,0,0,0,0,0,0,0,0,77,0,3,0,0,0,0,0,26,138,0,25,0,0,0,21,6,4,0,0,5,0,0,0,0,0,0,0,14,21,0,7,69,10,525,0,0,0,0,24,1,0,26,0,4,0,0,32,0,0,0,0,47,0,0,0,0,0,0,0,0,0,0,0,0,3,0,20,0,0,0,0,0,0,0,0,0,0,0,0,0,0,0,0,0,0,0,0,19,9,0,0,0,0,0,0,0,0,0,0,0,0,32,57,0,0,0,0,0,10,0,5,1,41,0,0,572,0,0,0,0,0,0,0,0,0,0,27,0,2,0,4,0,2,53,0,0
53,2020-03-15,16,42,48,1,0,1,45,26,1,0,134,1,61,20,6,57,17,860,23,0,214,5,0,27,886,0,1,10,24,162,50,51,3,0,7,2,39,73,2,4,2,1,0,104,1,24,2,1,0,74,990,442,576,296,133,1360,252,146,168,318,482,1273,145,67794,1018,75,631,935,93,125,10,75,18,245,760,353,133,539,136,1,76,174,1231,34,1,2,27,1,49,696,4,26,253,864,11,0,0,11,28,110,0,1,171,1,1,0,244,4499,7,3,3,1,0,7,1,2,1,0,33,5795,6,331,1,1,4,0,1,3,32,171,113,117,13938,116,129,251,24747,10,839,8,9,3,8162,2,112,0,30,110,0,4,12,59,0,428,13,21,9,1,0,41,23,2,1,0,28,2,1,2,1,1135,0,8,0,0,2,14,1221,22,53,43,0,6,43,140,119,245,401,131,63,1,2,1,101,103,24,48,2,226,54,219,0,51,7798,18,1,1,1022,2200,59,0,114,1,2,18,6,3,98,0,1,3,1,0,0,1140,0,12,0,0,1,0,0,13,16,0,0,0,0,0,0,0,0,0,0,0,0,426,0,0,0,0,0,0,0,0,0,0,0,0,0,0,131,24,0,0,0,0,0,0,0,0,0,7,0,0,0,46,16,0,0,0,0,0,0,0,0,0,0,115,0,0,0,0,99,0,21,0,0,3,0,0,0,0,0,0,6,0,0,0,0,0,0,5,93,20,18,0,0,0,0,0,0,0,0,0,0,8,20,0,0,0,0,0,0,0,0,0,0,0,0,0,91,0,12,0,0,0,0,0,32,164,0,33,0,0,0,35,10,5,0,0,7,0,0,0,0,0,0,0,17,24,0,13,98,13,732,0,0,0,0,33,1,0,37,0,7,0,0,36,0,0,0,0,66,0,0,0,0,0,0,0,0,0,0,0,0,5,0,20,0,0,0,0,0,0,0,0,0,0,0,0,0,0,0,0,0,0,0,0,28,9,0,0,0,0,0,0,0,0,0,0,0,0,39,72,0,0,0,0,0,28,0,8,1,45,0,0,643,0,0,0,0,0,0,0,0,0,0,32,0,3,0,4,1,10,56,0,0
54,2020-03-16,21,51,54,2,0,1,56,52,2,0,171,1,68,29,7,71,28,1018,15,1,214,8,0,36,1058,1,1,11,25,200,54,52,15,0,7,4,56,103,2,7,6,1,5,177,1,50,7,1,0,155,990,452,576,296,133,1361,252,146,168,318,482,1273,155,67798,1018,75,631,935,93,125,11,75,18,245,760,355,133,539,136,1,76,176,1231,54,1,2,35,1,57,696,4,33,298,914,18,1,0,11,37,150,0,1,205,1,5,0,277,6633,11,3,6,1,0,9,3,2,1,0,33,7272,6,331,2,1,4,0,1,6,39,180,119,134,14991,124,169,255,27980,10,825,17,10,3,8236,2,123,0,34,99,1,4,17,77,0,566,13,30,15,1,0,53,23,7,1,0,29,2,1,2,1,1413,0,8,0,0,2,18,1333,22,136,55,0,8,86,142,177,331,439,158,90,5,2,1,109,118,24,55,3,243,63,253,1,62,9942,28,1,1,1103,2200,67,1,147,1,4,20,18,7,98,0,1,6,1,0,0,1543,0,29,0,0,1,0,0,18,22,0,0,0,0,0,0,0,0,0,0,0,0,557,0,0,0,0,0,0,0,0,0,0,0,0,0,0,160,30,0,0,0,0,0,0,0,0,0,8,0,0,0,47,22,0,0,0,0,0,0,0,0,0,0,155,0,0,0,0,121,0,20,0,0,3,0,0,0,0,0,0,7,0,0,0,0,0,0,5,105,25,23,0,0,0,0,0,0,0,0,0,0,11,21,0,0,0,0,0,0,0,0,0,0,0,0,0,136,0,17,0,0,0,0,0,41,197,0,53,0,0,0,54,13,6,0,0,7,0,0,0,0,0,0,0,18,45,0,17,178,17,967,0,0,0,0,38,1,0,50,0,10,0,0,39,0,0,0,0,77,0,0,0,0,0,0,0,0,0,0,0,0,5,0,21,0,0,0,0,0,0,0,0,0,0,0,0,0,0,0,0,0,0,0,0,33,10,0,0,0,0,0,0,0,0,0,0,0,0,52,85,0,0,0,0,0,39,0,12,1,49,0,0,904,0,0,0,0,0,0,0,0,0,0,47,0,3,0,8,6,17,61,0,0
55,2020-03-17,22,55,60,39,0,1,68,78,2,0,210,1,78,29,7,94,31,1332,28,1,228,10,2,36,1243,1,1,11,26,321,56,67,15,0,33,10,74,103,8,8,8,3,7,185,1,74,7,1,0,201,990,456,576,296,133,1364,253,147,168,318,482,1273,162,67799,1018,75,631,935,93,125,12,75,18,246,761,358,133,540,136,1,76,176,1232,65,1,3,41,5,65,696,5,46,396,977,47,1,0,21,58,196,0,1,225,1,5,0,321,7652,11,3,18,1,0,9,3,2,1,1,34,9257,7,387,6,1,7,0,1,8,50,220,142,172,16169,154,223,337,31506,12,878,34,33,3,8320,2,130,0,49,120,1,7,25,140,0,673,13,38,16,1,0,82,30,7,5,2,38,2,1,3,3,1705,0,12,0,0,3,26,1463,24,236,69,0,9,117,187,238,448,439,184,114,7,2,1,109,171,26,65,4,266,72,275,1,62,11748,44,1,1,1190,2700,77,1,177,1,5,24,47,14,98,0,1,6,3,0,0,1950,0,39,0,0,3,0,0,20,22,0,0,0,0,0,0,0,0,0,0,0,0,698,0,0,0,0,0,0,0,0,0,0,0,0,0,0,160,68,0,0,0,0,0,0,0,0,0,16,0,0,0,47,22,0,0,0,0,0,0,0,0,0,0,216,0,0,0,0,146,0,21,0,0,3,0,0,0,0,0,0,10,0,0,0,0,0,0,8,161,30,23,0,0,0,0,0,0,0,0,0,0,18,26,0,0,0,0,0,0,0,0,0,0,0,0,0,196,0,32,0,0,0,0,0,60,218,0,65,0,0,0,60,21,11,0,0,9,0,0,0,0,0,0,0,21,56,0,26,267,23,1706,0,0,0,0,64,3,0,67,0,19,0,0,66,0,0,0,0,112,0,0,0,0,0,0,0,0,0,0,0,0,5,0,23,0,0,0,0,0,0,0,0,0,0,0,0,0,0,0,0,0,0,0,0,47,11,0,0,0,0,0,0,0,0,0,0,0,0,74,110,0,0,0,0,0,51,0,12,2,67,0,0,1076,0,0,0,0,0,0,1,0,0,0,72,0,11,0,29,10,33,66,0,0
56,2020-03-18,22,59,74,39,0,1,79,84,3,0,267,1,94,37,10,121,35,1646,28,1,256,14,2,51,1486,2,1,12,38,372,68,92,20,0,35,10,97,186,9,15,11,3,12,221,1,94,8,1,0,238,990,469,576,296,133,1370,253,146,168,318,482,1273,181,67800,1018,75,631,935,93,125,15,75,18,246,761,361,133,540,136,1,76,176,1232,93,1,4,50,6,81,712,7,49,464,1057,58,1,1,21,111,196,0,4,258,1,6,0,336,9043,11,3,27,3,0,12,3,3,1,1,38,12327,7,418,6,1,7,0,1,9,58,250,156,227,17361,164,292,433,35713,13,889,52,35,3,8413,2,142,3,71,133,2,28,27,203,0,790,13,38,19,1,3,93,30,7,6,1,49,2,1,4,3,2051,0,20,0,0,8,35,1550,39,299,86,0,11,145,202,251,448,452,260,147,8,2,1,119,171,31,83,4,313,105,275,1,116,13910,51,2,1,1279,3028,100,3,212,1,7,29,98,14,113,0,1,6,8,0,1,2626,0,46,0,0,6,0,0,27,33,0,0,0,0,0,0,0,0,0,0,0,0,751,0,0,0,0,0,0,0,0,0,0,0,0,0,0,184,68,0,0,0,0,0,0,0,0,0,19,0,0,0,47,31,0,0,0,0,0,0,0,0,0,0,314,0,0,0,0,199,0,21,0,0,5,0,0,0,0,0,0,14,0,0,0,0,0,0,9,162,39,29,0,0,0,0,0,0,0,0,0,0,18,27,0,0,0,0,0,0,0,0,0,0,0,0,0,257,0,42,0,0,0,0,0,85,218,0,83,0,0,0,77,34,18,0,0,11,0,0,0,0,0,0,0,24,55,0,26,267,23,2495,0,0,0,0,70,6,0,86,0,19,0,0,68,0,0,0,0,152,0,0,0,0,0,0,0,0,0,0,0,0,5,0,33,0,0,0,0,0,0,0,0,0,0,0,0,0,0,0,0,0,0,0,0,47,11,0,0,0,0,0,0,0,0,0,0,0,0,79,173,0,0,0,0,0,51,0,18,2,77,0,0,1014,0,0,0,0,0,0,1,0,0,0,92,0,15,0,50,15,36,75,2,0
57,2020-03-19,22,64,87,53,0,1,97,115,4,0,307,1,144,42,10,121,52,2013,44,3,278,17,5,51,1795,2,1,12,63,621,75,94,33,0,37,13,119,231,9,17,11,3,14,257,2,121,16,1,1,238,990,480,576,296,134,1378,253,146,168,318,483,1273,208,67800,1018,75,631,935,93,125,17,75,18,246,761,363,133,540,137,1,76,176,1233,102,3,14,69,9,105,712,11,67,694,1151,72,2,1,34,199,256,1,6,267,1,6,1,400,10871,11,6,33,3,2,14,3,4,1,1,40,15320,11,418,9,1,7,0,1,12,73,330,194,311,18407,192,557,677,41035,15,924,69,44,7,8565,2,148,3,86,157,2,28,36,335,0,900,13,53,23,2,3,118,49,7,6,3,63,3,1,4,3,2460,0,28,1,0,8,48,1746,48,454,109,0,11,234,217,355,785,460,277,199,8,2,1,119,274,31,103,6,345,123,286,1,150,17963,60,2,1,1439,4075,108,6,272,1,9,39,192,16,140,2,3,11,10,0,1,2689,0,78,0,0,9,0,0,45,62,0,0,0,0,0,0,0,0,0,0,0,0,952,0,0,0,0,0,0,0,0,0,0,0,0,0,0,277,159,0,0,0,0,0,0,0,0,0,30,0,0,0,47,40,0,0,0,0,0,0,0,0,0,0,417,0,0,0,0,287,0,22,0,0,12,0,0,0,0,0,0,16,0,0,0,0,0,0,11,422,60,44,0,0,0,0,0,0,0,0,0,0,34,37,0,0,0,0,0,0,0,0,0,0,0,0,0,392,0,52,0,0,0,0,0,107,328,0,334,0,0,0,89,50,31,0,0,11,0,0,0,0,0,0,0,29,95,0,44,742,35,5365,0,0,0,0,123,18,0,119,0,44,0,0,88,0,0,0,0,206,0,0,0,0,0,0,0,0,0,0,0,0,5,0,44,0,0,0,0,0,0,0,0,0,0,0,0,0,0,0,0,0,0,0,0,81,11,0,0,0,0,0,0,0,0,0,0,0,0,154,260,0,0,0,0,0,80,0,22,3,99,0,0,1376,0,0,0,0,0,0,2,0,0,0,159,0,18,0,79,23,42,85,2,0
58,2020-03-20,24,70,90,75,1,1,128,136,6,0,353,3,184,50,10,121,64,2388,44,3,285,20,5,69,2257,2,2,15,89,793,78,127,40,1,51,20,146,271,10,17,11,4,15,308,2,139,20,3,1,434,990,491,576,299,134,1395,254,146,168,318,484,1273,256,67800,1018,75,631,935,93,126,17,75,18,247,762,371,133,541,137,1,76,176,1234,128,3,18,89,9,128,712,16,67,833,1255,80,2,1,72,367,285,1,6,283,1,9,1,450,12612,15,11,45,6,2,28,3,4,3,1,43,19848,16,495,12,1,7,2,1,24,85,409,244,369,19644,208,683,705,47021,16,963,85,49,7,8652,2,159,6,111,163,2,28,49,484,3,1030,13,64,32,2,12,164,66,11,6,14,77,3,1,5,3,2994,1,39,1,1,12,67,1914,48,501,137,1,13,234,230,425,1020,470,308,253,17,2,1,144,344,38,135,7,385,137,341,1,202,20410,73,2,4,1639,5294,135,6,322,9,9,54,359,29,140,2,3,14,10,1,1,3983,0,83,0,0,12,0,0,78,96,0,0,0,0,0,0,0,0,0,0,0,0,1177,0,0,0,0,0,0,0,0,0,0,0,0,0,0,363,194,0,0,0,0,0,0,0,0,0,38,0,0,0,49,71,0,0,0,0,0,0,0,0,0,0,563,0,0,0,0,420,0,23,0,0,14,0,0,0,0,0,0,26,0,0,0,0,0,0,23,585,86,45,0,0,0,0,0,0,0,0,0,0,44,47,0,0,0,0,0,0,0,0,0,0,0,0,0,538,0,56,0,0,0,0,0,149,413,0,552,0,0,0,115,80,53,0,0,15,0,0,0,0,0,0,0,37,114,0,44,890,43,8310,0,0,0,0,172,19,0,173,0,49,0,0,114,0,0,0,0,303,0,0,0,0,0,0,0,0,0,0,0,0,14,0,54,0,0,0,0,0,0,0,0,0,0,0,0,0,0,0,0,0,0,0,0,126,14,0,0,0,0,0,0,0,0,0,0,0,0,233,394,0,0,0,0,0,78,0,29,3,122,0,0,1524,0,0,0,0,0,0,7,0,0,0,207,0,19,0,94,33,42,91,2,1
